system:index,B2,B3,B4,B5,B6,B7,B8,landcover,ndd,ndsi,ndvi,.geo
1_1_1_1_1_0_0,4396,4170,3797,3504,3244,2897,2476,0,1.5335218,0.9350348,-0.21058504,
1_1_1_1_1_1_0,4848,4684,4409,4122,3663,3496,3311,0,1.3316219,0.92085296,-0.14222798,
1_1_1_1_1_2_0,5768,5627,5197,5015,4478,4278,3473,0,1.4964008,0.93069136,-0.1988466,
1_1_1_1_1_3_0,6530,6225,5915,5622,5353,4513,4212,0,1.404321,0.9392523,-0.16816431,
1_1_1_1_1_4_0,6743,6613,6418,6140,5831,5411,5038,0,1.2739183,0.9330605,-0.12046089,
1_1_1_1_1_5_0,5709,5444,5118,4938,4535,3949,3487,0,1.4677373,0.9318666,-0.18954097,
1_1_1_1_1_6_0,6658,6548,6294,5990,5841,4916,4902,0,1.2839657,0.9364188,-0.12433012,
1_1_1_1_1_7_0,5424,5131,5226,5326,5233,5008,4805,0,1.087617,0.89265954,-0.04196989,
1_1_1_1_1_8_0,5013,5037,4706,4272,4301,3351,3339,0,1.409404,0.9123007,-0.16991921,
1_1_1_1_1_9_0,5739,5757,5312,5627,5219,4131,3607,0,1.472692,0.9126246,-0.19116493,
1_1_1_1_1_10_0,6962,6845,6494,6217,5888,4991,4665,0,1.3920686,0.932524,-0.16390358,
1_1_1_1_1_11_0,6391,6139,5476,5158,4695,3958,3425,0,1.5988321,0.95043683,-0.23042355,
1_1_1_1_1_12_0,5862,5623,5678,5732,5636,5372,5118,0,1.1094178,0.8910375,-0.051871065,
1_1_1_1_1_13_0,3740,3545,3446,3426,3265,3308,2835,0,1.2155203,0.8766543,-0.09727751,
1_1_1_1_1_14_0,4553,4337,4342,4186,4158,3739,3724,0,1.1659505,0.9105727,-0.076617904,
1_1_1_1_1_15_0,6910,6670,6979,7045,6819,6523,6157,0,1.1335065,0.8860455,-0.06257613,
1_1_1_1_1_16_0,5696,5564,5640,5649,5614,5360,5151,0,1.094933,0.90189713,-0.04531554,
1_1_1_1_1_17_0,5272,4981,5134,5223,5157,4962,4780,0,1.0740585,0.90296084,-0.035707083,
1_1_1_1_1_18_0,5028,4712,4688,4672,4632,4375,4154,0,1.1285508,0.9331282,-0.060393576,
1_1_1_1_1_19_0,4861,4568,4664,4804,4665,4508,4323,0,1.0788804,0.86944956,-0.037943695,
1_1_1_1_1_20_0,6306,6091,6129,6241,6039,5782,5541,0,1.1061181,0.89869076,-0.050385606,
1_1_1_1_1_21_0,5412,5242,4840,4672,4208,3533,3054,0,1.5848068,0.93646103,-0.22624779,
1_1_1_1_1_22_0,4467,4234,3861,3563,3314,2779,2402,0,1.6074106,0.9453251,-0.23295546,
1_1_1_1_1_23_0,4672,4417,4062,3882,3517,2992,2666,0,1.5236309,0.94968,-0.20749108,
1_1_1_1_1_24_0,7195,7104,6398,5587,5363,4340,3962,0,1.614841,0.9492386,-0.23513514,
1_1_1_1_1_25_0,6854,6607,6112,5476,5227,4121,3878,0,1.5760702,0.9489676,-0.22362362,
1_1_1_1_1_26_0,5349,5285,5113,5063,4862,4249,3829,0,1.3353356,0.92918414,-0.14359204,
1_1_1_1_1_27_0,6007,5961,5517,5324,4910,4126,3643,0,1.5144112,0.94740283,-0.20458515,
1_1_1_1_1_28_0,5427,5349,5093,5090,4638,4027,3627,0,1.4041908,0.93664014,-0.16811927,
1_1_1_1_1_29_0,6175,6039,5758,5687,5230,4693,4166,0,1.3821411,0.92570156,-0.16041918,
1_1_1_1_1_30_0,5102,4924,4721,4512,4336,3674,3296,0,1.4323423,0.9298452,-0.1777473,
1_1_1_1_1_31_0,5555,5429,5087,4241,4335,3766,3571,0,1.424531,0.9490217,-0.17509818,
1_1_1_1_1_32_0,7368,7409,7480,7246,7166,6612,6576,0,1.1374695,0.9002308,-0.06431417,
1_1_1_1_1_33_0,5495,5328,5203,5009,5081,4733,4397,0,1.1833068,0.89845,-0.083958335,
1_1_1_1_1_34_0,5362,5357,5149,5388,4988,4179,3843,0,1.3398386,0.89326733,-0.14524022,
1_1_1_1_1_35_0,4418,4329,3888,3988,4109,3133,2447,0,1.5888844,0.95307916,-0.22746645,
1_1_1_1_1_36_0,6829,6837,6649,6538,6160,5491,5353,0,1.2421073,0.9132503,-0.107982,
1_1_1_1_1_37_0,7381,7258,6791,6456,5991,5125,4569,0,1.4863209,0.94402033,-0.19559859,
1_1_1_1_1_38_0,5002,4858,4678,4617,4235,3781,3437,0,1.3610708,0.9381608,-0.15292668,
1_1_1_1_1_39_0,5147,4969,4804,4577,4387,3838,3617,0,1.3281726,0.9267158,-0.14095713,
1_1_1_1_1_40_0,5371,5228,4919,4946,4564,3912,3593,0,1.369051,0.9192364,-0.15578008,
1_1_1_1_1_41_0,9166,9022,9142,9187,8829,8233,7779,0,1.1752154,0.93066555,-0.0805508,
1_1_1_1_1_42_0,8989,8786,9019,8989,8799,8219,7716,0,1.1688699,0.933326,-0.07786077,
1_1_1_1_1_43_0,8808,8723,8621,8399,8243,7111,6759,0,1.2754846,0.9123095,-0.12106632,
1_1_1_1_1_44_0,8857,8749,9066,9165,8980,8552,8192,0,1.1066895,0.9298555,-0.05064318,
1_1_1_1_1_45_0,6129,6055,5808,5683,5086,4664,4469,0,1.2996196,0.9067863,-0.13029094,
1_1_1_1_1_46_0,6574,6421,6018,5905,5507,4612,4061,0,1.481901,0.9213046,-0.1941661,
1_1_1_1_1_47_0,7225,7197,7131,6681,6841,6265,5953,0,1.1978834,0.8872427,-0.09003363,
1_1_1_1_1_48_0,7634,7527,7347,6632,6783,5690,5867,0,1.2522584,0.92211443,-0.112002425,
1_1_1_1_1_49_0,7178,7064,6967,6855,7061,6425,5701,0,1.2220663,0.9030172,-0.09993685,
1_1_1_1_1_50_0,5504,5384,5328,5174,5039,4467,4161,0,1.2804614,0.90381896,-0.122984506,
1_1_1_1_1_51_0,10870,10732,10868,10726,10490,9656,9131,0,1.1902311,0.95056343,-0.086854346,
1_1_1_1_1_52_0,10401,10231,10212,10146,9804,8954,8530,0,1.1971864,0.9547191,-0.089744955,
1_1_1_1_1_53_0,5813,5645,5321,5190,4901,4102,3654,0,1.4562124,0.92465055,-0.18573816,
1_1_1_1_1_54_0,5847,5669,5565,5310,5076,4396,4176,0,1.3326149,0.90554625,-0.14259316,
1_1_1_1_1_55_0,5051,4842,4545,4780,4087,3679,3110,0,1.4614148,0.90405035,-0.18745917,
1_1_1_1_1_56_0,6272,6175,6010,5726,5469,4655,4937,0,1.2173384,0.8869366,-0.09801772,
1_1_1_1_1_57_0,4659,4791,4712,4837,5077,4488,3813,0,1.2357724,0.85986024,-0.10545454,
1_1_1_1_1_58_0,6345,6183,6120,6280,6497,5960,4811,0,1.2720848,0.91602105,-0.11975116,
1_1_1_1_1_59_0,9068,8829,8934,8643,8763,8283,7905,0,1.1301708,0.9199739,-0.061108142,
1_1_1_1_1_60_0,8465,8408,8381,8123,7616,6873,6624,0,1.2652476,0.9135184,-0.1170943,
1_1_1_1_1_61_0,8669,8586,8809,9017,8708,8302,7900,0,1.1150633,0.91352797,-0.05440182,
1_1_1_1_1_62_0,4939,4722,4444,4546,4130,3723,3300,0,1.3466667,0.91756344,-0.14772727,
1_1_1_1_1_63_0,5562,5390,4989,5255,4306,3796,3148,0,1.5848157,0.9350206,-0.22625045,
1_1_1_1_1_64_0,7541,7214,6612,6569,6083,5377,4585,0,1.4420937,0.9165781,-0.18103063,
1_1_1_1_1_65_0,5239,4929,4665,4694,4230,3706,3329,0,1.4013218,0.95323956,-0.16712534,
1_1_1_1_1_66_0,6510,6317,6475,6547,6183,6152,5948,0,1.0886012,0.8296886,-0.042421315,
1_1_1_1_1_67_0,6112,5994,6122,6269,5904,5781,5373,0,1.1394007,0.83443,-0.06515876,
1_1_1_1_1_68_0,7557,7431,7463,7409,7222,6594,5961,0,1.2519711,0.8944551,-0.11188915,
1_1_1_1_1_69_0,8057,8064,8391,8250,8310,7571,7449,0,1.12646,0.9225176,-0.059469696,
1_1_1_1_1_70_0,7109,7053,7179,7557,7244,6962,6221,0,1.1539946,0.8985195,-0.07149254,
1_1_1_1_1_71_0,8589,8395,8638,8701,8485,8077,7585,0,1.1388266,0.9265634,-0.06490785,
1_1_1_1_1_72_0,7852,7599,7797,7845,7651,7156,6782,0,1.1496608,0.9274572,-0.069620684,
1_1_1_1_1_73_0,4690,4547,4251,4459,4055,3214,3074,0,1.3828888,0.9279203,-0.16068259,
1_1_1_1_1_74_0,8152,7926,8242,8301,8060,7840,7573,0,1.0883402,0.9087297,-0.042301614,
1_1_1_1_1_75_0,8835,8681,9136,9189,9049,8657,8274,0,1.1041818,0.91085184,-0.049511775,
1_1_1_1_1_76_0,7628,7500,7834,7961,7935,7565,7280,0,1.0760989,0.88964474,-0.036654755,
1_1_1_1_1_77_0,8113,8026,8491,8152,8221,7320,7632,0,1.1125524,0.862397,-0.053277925,
1_1_1_1_1_78_0,5992,5889,5884,5731,5487,4932,4761,0,1.2358748,0.87637407,-0.105495535,
1_1_1_1_1_79_0,8538,8368,8653,8770,8542,8292,7795,0,1.1100706,0.8842603,-0.052164398,
1_1_1_1_1_80_0,9194,9149,9295,9211,8764,8046,7760,0,1.1978092,0.9275255,-0.09000293,
1_1_1_1_1_81_0,9402,9107,9113,9011,8786,8079,7807,0,1.1672858,0.940343,-0.07718676,
1_1_1_1_1_82_0,6547,6493,6674,6526,6456,6093,5902,0,1.1308031,0.8880488,-0.061386768,
1_1_1_1_1_83_0,6245,6086,5610,4940,4372,4088,3745,0,1.4979973,0.94130784,-0.19935863,
1_1_1_1_1_84_0,8008,7909,8551,8414,8377,8169,8141,0,1.0503623,0.8352477,-0.024562664,
1_1_1_1_1_85_0,5648,5610,5656,5635,5383,4863,4922,0,1.1491264,0.8790822,-0.0693893,
1_1_1_1_1_86_0,6413,6433,6547,6412,6181,5362,4926,0,1.3290702,0.8901131,-0.14128824,
1_1_1_1_1_87_0,7402,7318,7566,7058,7089,6486,6467,0,1.1699396,0.87424767,-0.0783154,
1_1_1_1_1_88_0,6997,6693,7063,7046,6446,6585,6131,0,1.1520144,0.84430975,-0.07063817,
1_1_1_1_1_89_0,8021,7833,8109,7760,8040,6860,6989,0,1.1602519,0.9065352,-0.07418201,
1_1_1_1_1_90_0,4176,3907,3588,3365,3084,2494,2103,0,1.7061341,0.96036124,-0.26093832,
1_1_1_1_1_91_0,8501,8538,8879,9020,8701,8230,8321,0,1.0670593,0.8621592,-0.032441862,
1_1_1_1_1_92_0,6077,5916,5737,5658,5328,4836,4193,0,1.3682327,0.87511885,-0.15548842,
1_1_1_1_1_93_0,6152,5956,5637,5400,4927,4171,3632,0,1.5520375,0.9262613,-0.21631244,
1_1_1_1_1_94_0,4921,4671,4393,4224,3875,3367,2909,0,1.5101409,0.9289696,-0.20323199,
1_1_1_1_1_95_0,6710,6759,7290,7341,7297,7376,7110,0,1.0253165,0.57570815,-0.0125,
1_1_1_1_1_96_0,3827,3476,3312,3369,3354,3325,3075,0,1.0770732,0.71527267,-0.037106622,
1_1_1_1_1_97_0,6057,6090,6502,6626,6539,6500,6291,0,1.03354,0.7018304,-0.016493395,
1_1_1_1_1_98_0,7730,7796,8544,8271,8592,7987,8320,0,1.0269231,0.7380448,-0.013282732,
1_1_1_1_1_99_0,5783,5585,5715,6024,5492,5487,5517,0,1.035889,0.8588784,-0.017628206,
1_1_1_1_1_100_0,5897,5796,5900,5595,5460,5594,5618,0,1.0501958,0.8532374,-0.024483418,
1_1_1_1_1_101_0,7973,7965,8467,9282,9111,9092,8249,0,1.0264274,0.8285124,-0.013041398,
1_1_1_1_1_102_0,4636,4254,4283,4265,4328,4191,3908,0,1.095957,0.7666113,-0.045781955,
1_1_1_1_1_103_0,8439,8411,9119,9530,9606,9396,8626,0,1.0571527,0.819775,-0.027782474,
1_1_1_1_1_104_0,8337,8352,9012,9455,8991,9077,8474,0,1.0634884,0.84126985,-0.03076747,
1_1_1_1_1_105_0,8395,8295,8765,8862,8734,8634,8629,0,1.0157608,0.8380235,-0.007818788,
1_1_1_1_1_106_0,10381,10237,10816,10861,10759,10743,10771,0,1.0041779,0.79975384,-0.002084588,
1_1_1_1_1_107_0,5095,4892,5120,5634,5380,5322,5026,0,1.0187027,0.80416745,-0.009264735,
1_1_1_1_1_108_0,6864,6894,7372,7470,7458,7253,7103,0,1.0378714,0.7424491,-0.018583765,
1_1_1_1_1_109_0,6634,6516,6853,6908,6729,6827,6576,0,1.0421228,0.8057365,-0.020627001,
1_1_1_1_1_110_0,6211,6128,6334,6744,6403,6391,6144,0,1.0309244,0.7458689,-0.015226799,
1_1_1_1_1_111_0,8642,8471,9178,9308,9295,9233,9041,0,1.0151532,0.7807442,-0.0075196223,
1_1_1_1_1_112_0,8317,8103,8647,8856,8929,8764,8514,0,1.0156213,0.8282942,-0.007750131,
1_1_1_1_1_113_0,6859,6582,6916,7095,7112,7088,6705,0,1.0314691,0.779881,-0.015490786,
1_1_1_1_1_114_0,7216,7400,8032,7647,7723,7927,7778,0,1.0326562,0.61395854,-0.016065782,
1_1_1_1_1_115_0,6004,5821,6110,6359,6376,6288,6093,0,1.0027901,0.7952197,-0.0013931,
1_1_1_1_1_116_0,11247,11390,12294,12520,12338,11965,11693,0,1.0513983,0.8119631,-0.025055239,
1_1_1_1_1_117_0,6450,6258,6503,6632,6494,6411,6270,0,1.0371611,0.85120547,-0.018241603,
1_1_1_1_1_118_0,8569,8446,9128,9424,9339,9348,9052,0,1.0083959,0.80585843,-0.004180418,
1_1_1_1_1_119_0,7212,7036,7533,7902,7691,8001,7558,0,0.99669224,0.7778901,0.0016566166,
1_1_1_1_1_120_0,7206,7109,7537,7846,7653,7446,7261,0,1.0380113,0.8595344,-0.018651169,
1_1_1_1_1_121_0,6213,6019,6286,6236,6147,5959,6127,0,1.0259507,0.8471689,-0.012809152,
1_1_1_1_1_122_0,6599,6409,6655,6833,6982,6639,6477,0,1.0274819,0.86010736,-0.0135546755,
1_1_1_1_1_123_0,8476,8421,8889,8833,9125,8874,8846,0,1.004861,0.826483,-0.0024245842,
1_1_1_1_1_124_0,13623,13777,15079,15359,15360,14970,14594,0,1.0332328,0.79364663,-0.016344825,
1_1_1_1_1_125_0,12279,12077,12925,13365,13326,12904,12974,0,0.9962232,0.7827146,0.0018919649,
1_1_1_1_1_126_0,6635,6372,6612,6773,6774,6526,6252,0,1.0575815,0.82161236,-0.027985075,
1_1_1_1_1_127_0,3527,3188,3116,3027,2980,3009,2885,0,1.0800693,0.8021481,-0.038493585,
1_1_1_1_1_128_0,6216,6147,6392,6383,6414,6150,5691,0,1.1231769,0.86188096,-0.058015395,
1_1_1_1_1_129_0,5915,5774,6025,6255,6126,6069,5670,0,1.0626103,0.83534646,-0.030354852,
1_1_1_1_1_130_0,6815,6607,6909,6388,6765,6428,6253,0,1.1049097,0.85824776,-0.04984045,
1_1_1_1_1_131_0,4278,4258,4613,4940,4868,4583,4688,0,0.9840017,0.5433128,0.008063649,
1_1_1_1_1_132_0,4787,4788,5029,5146,4685,4625,5077,0,0.9905456,0.53781915,0.004749654,
1_1_1_1_1_133_0,5176,5170,5555,5510,5678,5501,5386,0,1.0313777,0.6848623,-0.015446486,
1_1_1_1_1_134_0,3080,3034,3385,3557,3536,3512,3471,0,0.9752233,0.4464839,0.012543757,
1_1_1_1_1_135_0,6470,6400,6650,6699,6605,6335,6248,0,1.0643406,0.86806774,-0.031167623,
1_1_1_1_1_136_0,7944,7715,8112,8670,8177,8042,7845,0,1.0340344,0.8430483,-0.01673247,
1_1_1_1_1_137_0,5211,5033,5281,5505,5504,5403,4930,0,1.0711968,0.82421166,-0.034374695,
1_1_1_1_1_138_0,4448,4499,4676,4813,4945,4613,4688,0,0.9974403,0.54924244,0.0012815036,
1_1_1_1_1_139_0,5106,4922,5170,5024,5390,5590,5327,0,0.9705275,0.58161956,0.014956654,
1_1_1_1_1_140_0,5510,5521,5984,6177,6205,5697,5766,0,1.0378078,0.52851605,-0.018553192,
1_1_1_1_1_141_0,5724,5545,6069,6173,6157,5948,6003,0,1.0109946,0.50189596,-0.005467197,
1_1_1_1_1_142_0,5887,5838,6236,6224,6284,6301,6184,0,1.0084088,0.6620641,-0.0041867956,
1_1_1_1_1_143_0,5799,5620,6033,5994,5852,5840,5832,0,1.0344651,0.68718106,-0.01694058,
1_1_1_1_1_144_0,8324,8116,8459,8477,8151,7912,8160,0,1.0366422,0.819527,-0.017991455,
1_1_1_1_1_145_0,5537,5564,5782,6464,6447,5802,5392,0,1.0723294,0.83721316,-0.034902453,
1_1_1_1_1_146_0,5985,5932,6293,6480,6572,6201,5894,0,1.067696,0.84080684,-0.032739803,
1_1_1_1_1_147_0,4938,4673,4882,5167,4818,3780,4363,0,1.1189549,0.8481313,-0.056138452,
1_1_1_1_1_148_0,4545,4244,4334,4498,4307,4189,4042,0,1.0722414,0.7764755,-0.03486151,
1_1_1_1_1_149_0,4701,4517,4690,4812,4689,4639,4339,0,1.0808942,0.8444263,-0.038874738,
1_1_1_1_1_150_0,4815,4522,4314,4091,3939,3503,3241,0,1.3310707,0.82228494,-0.14202514,
1_1_1_1_1_151_0,6161,6159,6394,6475,6578,6496,5920,0,1.0800675,0.84153086,-0.038492773,
1_1_1_1_1_152_0,5157,5364,5517,5880,5542,5271,4922,0,1.1208858,0.8566978,-0.0569978,
1_1_1_1_1_153_0,7767,7935,8430,8247,8250,7922,7459,0,1.1301783,0.85962033,-0.06111146,
1_1_1_1_1_154_0,6299,6286,6600,6763,6351,6241,5967,0,1.1060835,0.8390872,-0.050370015,
1_1_1_1_1_155_0,7778,7653,7867,7718,7565,7326,7012,0,1.1219338,0.8766552,-0.057463538,
1_1_1_1_1_156_0,4219,4190,4428,4468,4488,4630,4217,0,1.0500356,0.6577646,-0.024407173,
1_1_1_1_1_157_0,5895,5689,5959,6032,5806,5604,5492,0,1.0850328,0.8552095,-0.040782463,
1_1_1_1_1_158_0,8100,7953,8418,8482,8432,8184,7800,0,1.0792308,0.8697543,-0.03810581,
1_1_1_1_1_159_0,7241,7138,7711,7853,7772,7808,7426,0,1.0383787,0.85066116,-0.018828038,
1_1_1_1_1_160_0,7281,7171,7423,7367,7123,6744,6386,0,1.1623864,0.8676911,-0.07509595,
1_1_1_1_1_161_0,6670,6569,6863,7030,6798,6499,6173,0,1.1117771,0.8798111,-0.052930348,
1_1_1_1_1_162_0,7109,7041,7309,7347,7190,6755,6442,0,1.1345855,0.85802877,-0.06304996,
1_1_1_1_1_163_0,7034,6945,7308,7406,7701,7151,6461,0,1.1310942,0.8844119,-0.061514996,
1_1_1_1_1_164_0,10484,10262,10606,10670,10507,9868,9587,0,1.1062897,0.88259035,-0.050463032,
1_1_1_1_1_165_0,10183,10202,10867,11017,10921,10652,10411,0,1.0437999,0.84751904,-0.021430586,
1_1_1_1_1_166_0,7735,7491,7536,7540,7238,6734,6373,0,1.1824887,0.93341076,-0.08361492,
1_1_1_1_1_167_0,8520,8221,8226,8221,7986,7431,7060,0,1.1651558,0.93344307,-0.07627895,
1_1_1_1_1_168_0,7041,6811,6842,6827,6653,6219,5879,0,1.1638033,0.944611,-0.075701594,
1_1_1_1_1_169_0,5919,5655,5426,5202,4785,4258,3705,0,1.4645075,0.947314,-0.18847881,
1_1_1_1_1_170_0,7119,7034,7204,7271,7001,6491,6241,0,1.1543022,0.93454343,-0.071625136,
1_1_1_1_1_171_0,6802,6492,6002,5918,5625,4889,4253,0,1.4112391,0.8852911,-0.17055096,
1_1_1_1_1_172_0,7024,6742,6236,5959,5425,4440,3933,0,1.585558,0.95165724,-0.22647262,
1_1_1_1_1_173_0,6297,6149,5820,5635,5272,4628,4209,0,1.3827512,0.8624867,-0.16063416,
1_1_1_1_1_174_0,5025,4848,4484,4339,3953,3186,2852,0,1.57223,0.9415298,-0.22246456,
1_1_1_1_1_175_0,6511,6134,5537,5176,4754,3800,3363,0,1.6464466,0.9500874,-0.24426967,
1_1_1_1_1_176_0,6731,6573,6123,5228,5006,4415,4234,0,1.4461502,0.9143731,-0.18238872,
1_1_1_1_1_177_0,5976,5649,4998,5047,4701,3804,3329,0,1.5013517,0.91881794,-0.20043233,
1_1_1_1_1_178_0,6637,6454,6075,5870,5386,4520,4356,0,1.394628,0.9314679,-0.16479723,
1_1_1_1_1_179_0,6641,6443,6480,6450,6255,5956,5687,0,1.1394408,0.91841596,-0.06517629,
1_1_1_1_1_180_0,5760,5554,5376,5313,5030,4046,3782,0,1.4214702,0.9131932,-0.17405547,
1_1_1_1_1_181_0,6652,6489,6719,6884,6570,6337,5826,0,1.1532784,0.8689516,-0.07118374,
1_1_1_1_1_182_0,5645,5367,5387,5170,5276,4773,4143,0,1.3002656,0.87624544,-0.13053516,
1_1_1_1_1_183_0,4927,4865,4703,4497,4268,3811,3525,0,1.3341844,0.90113324,-0.14316967,
1_1_1_1_1_184_0,5762,5620,5351,5062,4630,4133,3955,0,1.352971,0.87708753,-0.15001075,
1_1_1_1_1_185_0,3755,3507,3213,3076,2872,2487,2248,0,1.4292705,0.88042897,-0.17670757,
1_1_1_1_1_186_0,4133,3994,3853,3768,3612,3285,3083,0,1.2497567,0.84182614,-0.11101499,
1_1_1_1_1_187_0,2708,2352,2106,2093,1978,1895,1724,0,1.2215778,0.9454094,-0.0997389,
1_1_1_1_1_188_0,2805,2555,2336,2246,2161,1890,1720,0,1.3581395,0.92467046,-0.15187377,
1_1_1_1_1_189_0,4998,4643,4595,4561,4429,4184,4003,0,1.1478891,0.9410535,-0.06885322,
1_1_1_1_1_190_0,4530,4162,4094,4155,3971,3792,3575,0,1.1451749,0.934914,-0.067675054,
1_1_1_1_1_191_0,5615,5386,4902,4359,4206,3582,3260,0,1.503681,0.9078994,-0.20117618,
1_1_1_1_1_192_0,5411,5283,4707,4539,4086,3267,2926,0,1.6086808,0.92704725,-0.23332897,
1_1_1_1_1_193_0,5564,5467,5001,4600,4432,3537,3157,0,1.5840988,0.93146086,-0.22603579,
1_1_1_1_1_194_0,5746,5511,4806,4348,3903,3159,2808,0,1.7115384,0.9422026,-0.26241136,
1_1_1_1_1_195_0,5367,5228,4960,4771,4593,3788,3462,0,1.4326979,0.90178245,-0.17786749,
1_1_1_1_1_196_0,4466,4373,4221,4125,3821,3476,3259,0,1.2951826,0.86561435,-0.12860963,
1_1_1_1_1_197_0,5756,5477,5025,4671,4474,3716,3086,0,1.6283214,0.9275031,-0.23905806,
1_1_1_1_1_198_0,5456,5296,4910,4609,4143,3326,3195,0,1.5367762,0.91018933,-0.21159779,
1_1_1_1_1_199_0,5598,5460,5069,4866,4410,3601,3156,0,1.606147,0.8918919,-0.23258358,
1_1_1_1_2_0_0,7378,7138,7516,7764,7776,7656,7322,1,1.0264955,0.83543324,-0.013074539,
1_1_1_1_2_1_0,6465,6326,6607,6704,6612,6517,6403,1,1.0318601,0.84404606,-0.015680246,
1_1_1_1_2_2_0,6520,6315,6754,7034,7012,6896,6591,1,1.0247307,0.8214595,-0.012214312,
1_1_1_1_2_3_0,8996,8777,9429,9245,8951,8994,9215,1,1.023223,0.76068205,-0.011478224,
1_1_1_1_2_4_0,5312,4944,5010,4892,4873,4787,4918,1,1.0187068,0.8358708,-0.00926672,
1_1_1_1_2_5_0,6467,6405,6880,7777,7894,7826,6900,1,0.9971014,0.742383,0.0014513788,
1_1_1_1_2_6_0,7345,7136,7411,7630,7525,7429,7092,1,1.0449803,0.8670853,-0.02199545,
1_1_1_1_2_7_0,4459,4565,4866,4859,4995,4961,4991,1,0.9749549,0.37936243,0.012681344,
1_1_1_1_2_8_0,7818,7638,8025,8127,8102,7883,7654,1,1.0484713,0.8679384,-0.023662223,
1_1_1_1_2_9_0,4879,4883,5224,5386,5384,5322,5183,1,1.0079105,0.7785467,-0.003939656,
1_1_1_1_2_10_0,5609,5636,5980,6191,5840,5916,5738,1,1.0421749,0.71750724,-0.020651989,
1_1_1_1_2_11_0,3530,3783,4152,4733,4532,4525,4228,1,0.9820246,0.5995772,0.009069213,
1_1_1_1_2_12_0,4678,4635,4846,4613,4850,4687,4819,1,1.0056028,0.50952613,-0.0027935852,
1_1_1_1_2_13_0,5934,5864,6242,6352,6315,6173,5982,1,1.0434637,0.84489536,-0.021269634,
1_1_1_1_2_14_0,5875,5827,6268,6396,6380,6288,6178,1,1.0145679,0.7879718,-0.0072312388,
1_1_1_1_2_15_0,6574,6533,6951,7113,7070,6879,6710,1,1.0359166,0.87191975,-0.01764146,
1_1_1_1_2_16_0,5834,5790,6195,6232,6375,6153,6103,1,1.0150746,0.7593437,-0.0074808914,
1_1_1_1_2_17_0,6495,6471,6849,7027,6969,6806,6675,1,1.0260674,0.8464831,-0.012866016,
1_1_1_1_2_18_0,6459,6442,6839,6907,6952,6814,6637,1,1.0304354,0.84267735,-0.014989611,
1_1_1_1_2_19_0,7187,7168,7613,7769,7673,7522,7311,1,1.0413076,0.8642393,-0.020235863,
1_1_1_1_2_20_0,6673,6646,7047,7164,7150,6999,6841,1,1.0301125,0.8760762,-0.014832949,
1_1_1_1_2_21_0,6714,6627,7018,7005,7038,6877,6736,1,1.0418646,0.84544694,-0.020503126,
1_1_1_1_2_22_0,6450,6434,6866,7132,7053,6921,6668,1,1.0296941,0.85204375,-0.014629821,
1_1_1_1_2_23_0,6774,6750,7134,7273,7242,7050,6857,1,1.0403967,0.86052924,-0.019798443,
1_1_1_1_2_24_0,6429,6486,6939,7055,7105,7015,6690,1,1.0372198,0.82165426,-0.018269865,
1_1_1_1_2_25_0,7061,7060,7473,7596,7545,7308,7089,1,1.0541685,0.8744192,-0.026370004,
1_1_1_1_2_26_0,6414,6354,6801,6904,6892,6744,6620,1,1.0273414,0.8554534,-0.013486328,
1_1_1_1_2_27_0,6733,6700,7157,7313,7291,7089,6876,1,1.0408667,0.87046343,-0.020024229,
1_1_1_1_2_28_0,6488,6487,6902,7022,6993,6841,6658,1,1.0366477,0.8849339,-0.0179941,
1_1_1_1_2_29_0,5695,5776,6167,6264,6305,6240,6070,1,1.0159802,0.8030279,-0.00792678,
1_1_1_1_2_30_0,6902,6848,7289,7382,7390,7187,7010,1,1.0398003,0.86416227,-0.019511854,
1_1_1_1_2_31_0,7130,7119,7581,7726,7697,7525,7303,1,1.0380665,0.86215013,-0.018677775,
1_1_1_1_2_32_0,6914,6890,7267,7494,7331,7190,6983,1,1.0406702,0.87101156,-0.019929824,
1_1_1_1_2_33_0,6773,6732,7155,7247,7280,7114,6974,1,1.0259535,0.85377944,-0.012810531,
1_1_1_1_2_34_0,6758,6714,7096,7259,7146,6993,6809,1,1.0421501,0.8751571,-0.020640058,
1_1_1_1_2_35_0,6883,6886,7318,7390,7401,7217,7033,1,1.0405233,0.8666305,-0.019859243,
1_1_1_1_2_36_0,6826,6756,7168,7289,7275,7096,6940,1,1.032853,0.8699142,-0.016161043,
1_1_1_1_2_37_0,6625,6604,7054,7166,7143,6946,6783,1,1.0399529,0.82834995,-0.01958517,
1_1_1_1_2_38_0,6571,6566,6989,7165,7079,6919,6770,1,1.0323486,0.8941295,-0.015916854,
1_1_1_1_2_39_0,6310,6241,6655,6728,6706,6594,6408,1,1.0385456,0.8524785,-0.018908367,
1_1_1_1_2_40_0,3817,4071,4570,4963,4905,5052,4771,1,0.9578705,0.3755702,0.021518039,
1_1_1_1_2_41_0,6427,6314,6701,6741,6754,6646,6416,1,1.0444202,0.8705377,-0.021727528,
1_1_1_1_2_42_0,6850,6799,7225,7421,7306,7133,6931,1,1.0424181,0.87300277,-0.02076858,
1_1_1_1_2_43_0,6981,6928,7361,7486,7468,7248,7056,1,1.0432256,0.87521994,-0.02115558,
1_1_1_1_2_44_0,5451,5515,5952,6206,5970,5875,5849,1,1.0176098,0.7148632,-0.008728074,
1_1_1_1_2_45_0,6399,6412,6805,6937,6894,6746,6595,1,1.0318424,0.88671476,-0.015671642,
1_1_1_1_2_46_0,6210,6160,6636,6730,6679,6665,6499,1,1.0210801,0.7862839,-0.010430149,
1_1_1_1_2_47_0,5760,5759,6128,6148,6079,5933,6023,1,1.0174332,0.74939245,-0.008641264,
1_1_1_1_2_48_0,5959,5953,6407,6576,6622,6453,6361,1,1.0072316,0.8210462,-0.003602757,
1_1_1_1_2_49_0,4753,4749,5232,5282,5382,5265,5259,1,0.99486595,0.5751244,0.0025736345,
1_1_1_1_2_50_0,5619,5581,6026,6306,6180,6080,6032,1,0.9990053,0.7971341,4.9759494E-4,
1_1_1_1_2_51_0,3872,3927,4329,4452,4597,4631,4483,1,0.965648,0.5378892,0.01747617,
1_1_1_1_2_52_0,4993,4965,5367,5534,5619,5523,5450,1,0.98477066,0.76533335,0.007673107,
1_1_1_1_2_53_0,5487,5424,5846,5988,6006,5942,5818,1,1.0048126,0.8204397,-0.0024005487,
1_1_1_1_2_54_0,6245,6222,6597,6747,6726,6527,6414,1,1.0285313,0.8603678,-0.014065022,
1_1_1_1_2_55_0,6225,6198,6557,6692,6645,6477,6396,1,1.025172,0.8462913,-0.012429553,
1_1_1_1_2_56_0,6406,6379,6761,6868,6837,6668,6559,1,1.0307974,0.8660231,-0.015165165,
1_1_1_1_2_57_0,5737,5708,6107,6221,6257,6119,6056,1,1.0084214,0.81033933,-0.0041930443,
1_1_1_1_2_58_0,6401,6350,6789,6997,6964,6792,6621,1,1.0253738,0.8670979,-0.012527964,
1_1_1_1_2_59_0,6283,6226,6610,6751,6723,6600,6440,1,1.0263975,0.8947048,-0.01302682,
1_1_1_1_2_60_0,6051,6010,6364,6524,6483,6363,6218,1,1.0234802,0.86183393,-0.011603879,
1_1_1_1_2_61_0,6002,5939,6280,6367,6342,6182,6168,1,1.0181582,0.8449829,-0.008997429,
1_1_1_1_2_62_0,6393,6330,6742,6860,6876,6740,6624,1,1.017814,0.856305,-0.008828371,
1_1_1_1_2_63_0,4220,4169,4443,4589,4536,4487,4439,1,1.0009011,0.7557381,-4.5034903E-4,
1_1_1_1_2_64_0,4563,4538,4861,5020,4986,4992,4853,1,1.0016484,0.7852085,-8.2355365E-4,
1_1_1_1_2_65_0,6273,6258,6741,6941,6949,6795,6634,1,1.016129,0.886929,-0.008,
1_1_1_1_2_66_0,5997,6029,6447,6578,6516,6406,6371,1,1.011929,0.79487944,-0.0059291623,
1_1_1_1_2_67_0,5243,5402,5908,5999,5887,6156,5843,1,1.0111244,0.7576053,-0.005531444,
1_1_1_1_2_68_0,6100,6104,6548,6726,6760,6669,6476,1,1.0111179,0.8064516,-0.0055282554,
1_1_1_1_2_69_0,6232,6219,6658,6822,6833,6668,6519,1,1.0213223,0.84403265,-0.010548683,
1_1_1_1_2_70_0,5091,5242,5715,5950,6031,5932,5684,1,1.005454,0.6958913,-0.002719537,
1_1_1_1_2_71_0,5046,5219,5734,6045,6151,6096,5815,1,0.9860705,0.72500414,0.0070135943,
1_1_1_1_2_72_0,6402,6428,6881,7043,7057,6782,6746,1,1.0200119,0.8762405,-0.009906802,
1_1_1_1_2_73_0,6520,6564,7029,7145,7166,6975,6829,1,1.0292869,0.8990308,-0.014432097,
1_1_1_1_2_74_0,6146,6100,6446,6595,6556,6474,6265,1,1.0288906,0.8524142,-0.014239635,
1_1_1_1_2_75_0,6162,6103,6468,6637,6645,6469,6339,1,1.0203502,0.8385299,-0.010072617,
1_1_1_1_2_76_0,6689,6744,7186,7333,7297,7141,6964,1,1.0318782,0.8751564,-0.015689045,
1_1_1_1_2_77_0,5616,5838,6307,6506,6450,6537,6257,1,1.0079911,0.69045895,-0.0039796242,
1_1_1_1_2_78_0,6607,6528,6895,6964,6968,6802,6625,1,1.0407547,0.86461014,-0.019970413,
1_1_1_1_2_79_0,4753,4649,4904,5005,5040,4953,4721,1,1.0387629,0.800891,-0.019012988,
1_1_1_1_2_80_0,4594,4478,4686,4727,4692,4643,4547,1,1.0305696,0.7962294,-0.015054695,
1_1_1_1_2_81_0,4160,4050,4206,4324,4277,4184,4086,1,1.0293685,0.78453404,-0.01447178,
1_1_1_1_2_82_0,6453,6433,6913,7083,6989,6858,6726,1,1.0278026,0.80196077,-0.013710682,
1_1_1_1_2_83_0,6516,6553,6996,7228,7167,6992,6792,1,1.0300354,0.8558482,-0.014795475,
1_1_1_1_2_84_0,7050,6986,7483,7563,7527,7335,7160,1,1.0451118,0.85010594,-0.022058321,
1_1_1_1_2_85_0,6408,6415,6886,7052,7040,6841,6685,1,1.0300673,0.85458225,-0.014810994,
1_1_1_1_2_86_0,5755,5700,6095,6243,6251,6157,5946,1,1.0250589,0.8307371,-0.012374387,
1_1_1_1_2_87_0,4532,4455,4738,4685,4867,4739,4716,1,1.004665,0.73380035,-0.0023270573,
1_1_1_1_2_88_0,4356,4454,4809,5089,5114,4941,4801,1,1.0016663,0.6211101,-8.324662E-4,
1_1_1_1_2_89_0,3968,3808,3976,4055,4051,3977,3887,1,1.0228969,0.7508046,-0.011318835,
1_1_1_1_2_90_0,5109,5037,5382,5405,5498,5312,5308,1,1.0139412,0.7410992,-0.0069223573,
1_1_1_1_2_91_0,4040,3980,4172,4247,4281,4221,4142,1,1.0072429,0.694338,-0.0036083714,
1_1_1_1_2_92_0,5506,5480,5860,5827,5794,5859,5728,1,1.0230447,0.7663175,-0.011391094,
1_1_1_1_2_93_0,8426,8362,8900,9068,9052,8956,8672,1,1.0262915,0.7829424,-0.012975188,
1_1_1_1_2_94_0,4337,4328,4631,4816,4882,4700,4604,1,1.0058645,0.6797982,-0.00292366,
1_1_1_1_2_95_0,5669,5660,6000,6147,6122,5985,5854,1,1.0249403,0.83766234,-0.0123165175,
1_1_1_1_2_96_0,6972,6921,7369,7548,7451,7293,7044,1,1.0461385,0.882753,-0.022549087,
1_1_1_1_2_97_0,6394,6436,6892,6979,6916,6753,6605,1,1.0434519,0.8617298,-0.021263985,
1_1_1_1_2_98_0,6953,6949,7414,7563,7463,7257,7048,1,1.0519296,0.8942347,-0.025307704,
1_1_1_1_2_99_0,6444,6560,6884,7011,6662,6516,6598,1,1.0433465,0.8471069,-0.02121347,
1_1_1_1_2_100_0,7028,7043,7495,7597,7542,7296,7108,1,1.0544457,0.8899772,-0.026501404,
1_1_1_1_2_101_0,6863,6852,7267,7365,7342,7103,6870,1,1.0577875,0.89046764,-0.028082337,
1_1_1_1_2_102_0,6033,6031,6485,6463,6549,6435,6290,1,1.0310016,0.77853143,-0.015264188,
1_1_1_1_2_103_0,6782,6745,7172,7266,7266,7037,6859,1,1.0456334,0.87726134,-0.022307748,
1_1_1_1_2_104_0,5803,5862,6368,6468,6341,6405,6279,1,1.0141742,0.7381764,-0.007037242,
1_1_1_1_2_105_0,5330,5442,5919,6134,6150,6098,5962,1,0.99278766,0.74032617,0.003619224,
1_1_1_1_2_106_0,5757,5744,6204,6320,6318,6206,6066,1,1.0227498,0.80515397,-0.011246944,
1_1_1_1_2_107_0,4807,4960,5334,5508,5303,5532,5300,1,1.0064151,0.6103896,-0.0031972916,
1_1_1_1_2_108_0,4549,4438,4716,4802,4812,4888,4717,1,0.999788,0.40398607,1.0601081E-4,
1_1_1_1_2_109_0,6479,6472,6930,7071,7077,6884,6730,1,1.0297177,0.87404084,-0.014641289,
1_1_1_1_2_110_0,6720,6677,7129,7290,7253,7100,6929,1,1.0288641,0.8915014,-0.014226775,
1_1_1_1_2_111_0,5873,5911,6385,6576,6562,6505,6348,1,1.0058286,0.75817966,-0.0029058352,
1_1_1_1_2_112_0,6135,6186,6582,6799,6810,6640,6480,1,1.0157408,0.80692273,-0.007808911,
1_1_1_1_2_113_0,6627,6616,7072,7171,7149,7035,6867,1,1.0298529,0.89434505,-0.014706938,
1_1_1_1_2_114_0,4268,4499,5058,5347,5378,5320,5155,1,0.9811833,0.4885029,0.009497699,
1_1_1_1_2_115_0,7170,7156,7597,7735,7710,7513,7356,1,1.0327624,0.84124535,-0.016117167,
1_1_1_1_2_116_0,7048,7087,7534,7617,7533,7481,7359,1,1.0237803,0.8190452,-0.011750487,
1_1_1_1_2_117_0,7050,7050,7529,7671,7652,7471,7304,1,1.030805,0.8295056,-0.01516888,
1_1_1_1_2_118_0,7207,7208,7644,7755,7698,7558,7389,1,1.0345107,0.84702116,-0.016962683,
1_1_1_1_2_119_0,7099,7106,7553,7725,7699,7544,7354,1,1.0270602,0.8371251,-0.013349433,
1_1_1_1_2_120_0,7043,7026,7485,7678,7600,7445,7240,1,1.0338398,0.83087945,-0.01663837,
1_1_1_1_2_121_0,7228,7208,7684,7798,7736,7627,7403,1,1.0379575,0.85248005,-0.018625306,
1_1_1_1_2_122_0,7160,7100,7581,7651,7635,7504,7289,1,1.0400604,0.83794975,-0.019636853,
1_1_1_1_2_123_0,7142,7101,7562,7666,7595,7487,7278,1,1.0390217,0.8389227,-0.019137466,
1_1_1_1_2_124_0,7214,7183,7596,7770,7699,7580,7389,1,1.0280147,0.8427399,-0.013813814,
1_1_1_1_2_125_0,6877,6872,7309,7444,7404,7181,7055,1,1.0360029,0.8804214,-0.017683096,
1_1_1_1_2_126_0,6783,6777,7205,7310,7287,7116,6945,1,1.037437,0.86951727,-0.018374559,
1_1_1_1_2_127_0,6837,6798,7246,7393,7348,7149,6998,1,1.0354387,0.86860913,-0.017410839,
1_1_1_1_2_128_0,6914,6871,7335,7523,7461,7273,7019,1,1.0450207,0.8628169,-0.022014769,
1_1_1_1_2_129_0,6961,6910,7327,7456,7394,7234,7006,1,1.0458179,0.879505,-0.02239587,
1_1_1_1_2_130_0,7045,7003,7453,7573,7569,7320,7123,1,1.0463288,0.8672177,-0.022639956,
1_1_1_1_2_131_0,7065,7067,7505,7593,7574,7370,7130,1,1.0525947,0.86047125,-0.025623506,
1_1_1_1_2_132_0,7036,7039,7467,7567,7525,7312,7112,1,1.0499157,0.87083054,-0.024350092,
1_1_1_1_2_133_0,6881,6893,7356,7546,7477,7321,7060,1,1.0419264,0.8519613,-0.020532742,
1_1_1_1_2_134_0,7142,7098,7537,7660,7626,7419,7203,1,1.0463696,0.8535057,-0.02265943,
1_1_1_1_2_135_0,6990,6967,7436,7552,7548,7382,7175,1,1.0363764,0.84997344,-0.017863253,
1_1_1_1_2_136_0,7031,7044,7477,7578,7540,7333,7093,1,1.0541378,0.8907529,-0.026355525,
1_1_1_1_2_137_0,7111,7083,7541,7694,7617,7387,7183,1,1.0498399,0.8825249,-0.024314046,
1_1_1_1_2_138_0,6849,6815,7248,7412,7358,7229,6976,1,1.0389909,0.8712246,-0.01912261,
1_1_1_1_2_139_0,6937,6891,7341,7430,7400,7203,6995,1,1.0494639,0.88510466,-0.024135044,
1_1_1_1_2_140_0,7104,7100,7522,7639,7582,7348,7155,1,1.0512928,0.8890515,-0.02500511,
1_1_1_1_2_141_0,6828,6892,7314,7446,7445,7258,7080,1,1.0330509,0.8820317,-0.016256774,
1_1_1_1_2_142_0,6948,6943,7434,7555,7520,7404,7205,1,1.0317835,0.8574104,-0.015643146,
1_1_1_1_2_143_0,6952,6989,7438,7562,7579,7385,7229,1,1.0289114,0.8577884,-0.014249676,
1_1_1_1_2_144_0,6715,6724,7205,7357,7370,7179,6964,1,1.0346066,0.8842651,-0.017008964,
1_1_1_1_2_145_0,6835,6817,7292,7453,7372,7229,7016,1,1.0393387,0.8797739,-0.019289907,
1_1_1_1_2_146_0,6600,6600,7089,7234,7155,7064,6852,1,1.0345885,0.8897638,-0.017000215,
1_1_1_1_2_147_0,6661,6638,7096,7276,7175,7055,6849,1,1.0360637,0.892516,-0.017712442,
1_1_1_1_2_148_0,6666,6666,7113,7283,7256,7095,6941,1,1.0247803,0.88438165,-0.012238509,
1_1_1_1_2_149_0,6723,6729,7204,7326,7279,7175,6927,1,1.0399884,0.87020564,-0.019602293,
1_1_1_1_2_150_0,7125,7105,7560,7696,7653,7440,7251,1,1.0426148,0.86654407,-0.020862872,
1_1_1_1_2_151_0,7351,7315,7730,7850,7886,7658,7474,1,1.034252,0.86678576,-0.016837675,
1_1_1_1_2_152_0,7002,6930,7367,7531,7498,7291,7087,1,1.0395089,0.87297297,-0.0193718,
1_1_1_1_2_153_0,7093,7056,7463,7559,7542,7371,7145,1,1.0445067,0.8718663,-0.021768894,
1_1_1_1_2_154_0,6938,6872,7334,7450,7426,7255,7057,1,1.0392518,0.869932,-0.019248141,
1_1_1_1_2_155_0,7056,6964,7394,7482,7396,7234,7044,1,1.0496876,0.8793685,-0.024241585,
1_1_1_1_2_156_0,6835,6767,7170,7279,7214,7070,6876,1,1.0427574,0.8786785,-0.020931225,
1_1_1_1_2_157_0,6769,6700,7143,7275,7207,7026,6833,1,1.0453681,0.8780659,-0.022180881,
1_1_1_1_2_158_0,6801,6727,7138,7285,7278,7102,6883,1,1.0370477,0.87407714,-0.018187005,
1_1_1_1_2_159_0,7071,7017,7435,7561,7529,7366,7132,1,1.0424845,0.8746994,-0.02080044,
1_1_1_1_2_160_0,6925,6889,7302,7433,7359,7178,6997,1,1.0435901,0.8748129,-0.021330163,
1_1_1_1_2_161_0,7390,7358,7817,7965,7921,7742,7541,1,1.0365999,0.8616066,-0.01797109,
1_1_1_1_2_162_0,7005,6972,7397,7610,7499,7296,7100,1,1.041831,0.8746975,-0.020486997,
1_1_1_1_2_163_0,7188,7133,7517,7694,7636,7487,7243,1,1.0378296,0.87365377,-0.018563686,
1_1_1_1_2_164_0,6782,6801,7214,7314,7242,7176,6958,1,1.0367922,0.8771736,-0.018063787,
1_1_1_1_2_165_0,6605,6538,6956,7128,7064,6898,6701,1,1.038054,0.8704048,-0.018671744,
1_1_1_1_2_166_0,6679,6612,7043,7107,7180,6961,6780,1,1.0387906,0.84075725,-0.01902626,
1_1_1_1_2_167_0,6718,6746,7144,7350,7281,7072,6872,1,1.039581,0.86714643,-0.019406393,
1_1_1_1_2_168_0,6408,6362,6809,7108,7009,6843,6598,1,1.0319794,0.81979406,-0.015738048,
1_1_1_1_2_169_0,5855,5794,6172,6314,6353,6218,6045,1,1.0210091,0.7971464,-0.010395351,
1_1_1_1_2_170_0,6544,6549,6949,7123,7085,6875,6687,1,1.0391805,0.87167764,-0.019213846,
1_1_1_1_2_171_0,6609,6595,7000,7165,7074,6896,6718,1,1.0419768,0.87811476,-0.020556932,
1_1_1_1_2_172_0,6774,6721,7123,7293,7236,7018,6889,1,1.0339671,0.87240565,-0.016699972,
1_1_1_1_2_173_0,6376,6435,6847,6967,6934,6848,6688,1,1.0237739,0.7949791,-0.011747322,
1_1_1_1_2_174_0,7873,7732,8155,8232,8242,8033,7866,1,1.0367404,0.84270734,-0.018038824,
1_1_1_1_2_175_0,6898,6885,7308,7391,7417,7211,7047,1,1.037037,0.8721958,-0.018181818,
1_1_1_1_2_176_0,6803,6780,7210,7324,7306,7095,6956,1,1.0365152,0.8623815,-0.017930256,
1_1_1_1_2_177_0,6805,6749,7155,7304,7276,7108,6883,1,1.0395176,0.8708247,-0.01937598,
1_1_1_1_2_178_0,6720,6721,7106,7171,7187,7028,6836,1,1.0394968,0.8638381,-0.019365944,
1_1_1_1_2_179_0,7127,7063,7511,7644,7585,7395,7246,1,1.0365719,0.86481845,-0.01795758,
1_1_1_1_2_180_0,6862,6857,7300,7442,7407,7174,6959,1,1.0490013,0.85952544,-0.02391472,
1_1_1_1_2_181_0,5910,5846,6259,6421,6448,6396,6165,1,1.0152473,0.7916028,-0.0075660013,
1_1_1_1_2_182_0,6582,6592,7064,7275,7195,7019,6828,1,1.0345635,0.8418553,-0.016988195,
1_1_1_1_2_183_0,5889,5894,6310,6440,6446,6300,6110,1,1.0327332,0.8666667,-0.016103059,
1_1_1_1_2_184_0,6234,6288,6703,6826,6780,6653,6448,1,1.0395472,0.8803828,-0.01939016,
1_1_1_1_2_185_0,5841,5860,6280,6444,6430,6309,6110,1,1.0278232,0.8606128,-0.013720742,
1_1_1_1_2_186_0,5766,5731,6132,6297,6324,6233,6030,1,1.0169154,0.8737943,-0.008386779,
1_1_1_1_2_187_0,6091,6112,6504,6635,6565,6362,6256,1,1.039642,0.872549,-0.019435737,
1_1_1_1_2_188_0,5695,5707,6103,6253,6221,6111,5959,1,1.0241652,0.85352385,-0.011938319,
1_1_1_1_2_189_0,5695,5707,6103,6253,6221,6111,5959,1,1.0241652,0.85352385,-0.011938319,
1_1_1_1_2_190_0,5437,5516,5937,6047,6061,6005,5880,1,1.0096939,0.7952807,-0.0048235594,
1_1_1_1_2_191_0,5217,5250,5663,5793,5839,5747,5639,1,1.0042561,0.7808684,-0.002123518,
1_1_1_1_2_192_0,5202,5301,5674,5839,5878,5778,5667,1,1.0012352,0.7675892,-6.172295E-4,
1_1_1_1_2_193_0,5481,5510,5935,6089,6080,5935,5850,1,1.01453,0.84219325,-0.0072125583,
1_1_1_1_2_194_0,5465,5478,5856,6005,6036,5935,5786,1,1.0120982,0.8522401,-0.0060127126,
1_1_1_1_2_195_0,5757,5781,6165,6225,6267,6114,5990,1,1.0292153,0.85824496,-0.014397367,
1_1_1_1_2_196_0,5695,5746,6052,6142,6181,6072,5959,1,1.0156066,0.851458,-0.0077429023,
1_1_1_1_2_197_0,5726,5739,6137,6244,6303,6153,6000,1,1.0228333,0.8542811,-0.011287797,
1_1_1_1_2_198_0,6532,6541,7001,7139,7137,6965,6742,1,1.0384159,0.8787879,-0.018845959,
1_1_1_1_2_199_0,6531,6592,6987,7127,7084,6902,6683,1,1.0454886,0.8999856,-0.022238478,
1_1_1_2_0_0,3190,3058,2462,2404,1962,1759,1376,3,1.7892442,0.9160401,-0.28295988,
1_1_1_2_1_0,2934,2836,2247,1984,1687,1486,1409,3,1.594748,0.89003664,-0.22921225,
1_1_1_2_2_0,2891,2846,2260,2045,1834,1541,1380,3,1.6376811,0.87978864,-0.24175824,
1_1_1_2_3_0,3119,3022,2531,2347,2171,1926,1767,3,1.4323713,0.88757026,-0.1777571,
1_1_1_2_4_0,3050,2929,2376,2327,1948,1819,1734,3,1.3702422,0.8656051,-0.15620437,
1_1_1_2_5_0,3182,3087,2533,2440,2149,2028,1841,3,1.3758826,0.8834655,-0.1582076,
1_1_1_2_6_0,2995,2919,2434,2186,1801,1758,1677,3,1.4514014,0.86577183,-0.18414012,
1_1_1_2_7_0,3104,3009,2477,2555,2071,2018,1647,3,1.5039465,0.880625,-0.20126091,
1_1_1_2_8_0,3021,2878,2287,2115,1928,1631,1578,3,1.4493029,0.8847413,-0.18344113,
1_1_1_2_9_0,2866,2732,2196,1889,1668,1577,1417,3,1.549753,0.8867403,-0.2156103,
1_1_1_2_10_0,2841,2744,2230,1988,1800,1551,1393,3,1.6008614,0.876881,-0.23102401,
1_1_1_2_11_0,2866,2716,2114,1983,1633,1591,1369,3,1.5441928,0.88545644,-0.21389607,
1_1_1_2_12_0,2890,2757,2199,1920,1819,1546,1360,3,1.6169118,0.8710553,-0.23574038,
1_1_1_2_13_0,2801,2668,2027,1745,1465,1432,1242,3,1.632045,0.8808601,-0.2401346,
1_1_1_2_14_0,2865,2738,2146,1845,1704,1501,1352,3,1.5872781,0.8850258,-0.22698686,
1_1_1_2_15_0,3071,2947,2412,2219,1890,1786,1598,3,1.5093868,0.88789237,-0.20299251,
1_1_1_2_16_0,3199,3012,2483,2235,2024,1853,1672,3,1.4850478,0.8955318,-0.19518653,
1_1_1_2_17_0,2696,2588,2062,1547,1589,1230,1447,3,1.4250172,0.8746831,-0.17526361,
1_1_1_2_18_0,2631,2488,1944,1769,1563,1391,1202,3,1.6173044,0.8784447,-0.23585506,
1_1_1_2_19_0,2537,2429,1787,1630,1263,1269,1251,3,1.4284573,0.8742284,-0.17643186,
1_1_1_2_20_0,2696,2588,2062,1547,1589,1230,1447,3,1.4250172,0.8746831,-0.17526361,
1_1_1_2_21_0,2380,2311,1775,1626,1553,1275,1129,3,1.5721878,0.83923596,-0.22245179,
1_1_1_2_22_0,2562,2541,1945,1869,1588,1531,1339,3,1.4525765,0.8725129,-0.18453106,
1_1_1_2_23_0,2823,2686,2159,2006,1789,1520,1501,3,1.4383744,0.89021814,-0.17978142,
1_1_1_2_24_0,2801,2642,2021,1879,1558,1449,1178,3,1.7156197,0.8898426,-0.26351985,
1_1_1_2_25_0,2594,2506,1966,1717,1522,1347,1360,3,1.4455882,0.87084734,-0.18220085,
1_1_1_2_26_0,2219,2034,1377,1172,923,895,730,3,1.8863014,0.8763838,-0.30707166,
1_1_1_2_27_0,2149,2063,1357,1144,959,843,768,3,1.7669271,0.87375116,-0.27717647,
1_1_1_2_28_0,2103,1962,1331,1237,924,915,690,3,1.9289855,0.81247115,-0.31716973,
1_1_1_2_29_0,2647,2509,1990,1851,1750,1585,1529,3,1.3015043,0.8414679,-0.13100313,
1_1_1_2_30_0,2150,2036,1409,1166,982,792,846,3,1.6654847,0.8284688,-0.2496674,
1_1_1_2_31_0,2277,2289,1661,1323,1684,1332,1244,3,1.335209,0.8392929,-0.14354561,
1_1_1_2_32_0,2338,2190,1547,1696,1289,1343,1115,3,1.3874439,0.81216383,-0.162284,
1_1_1_2_33_0,6179,5857,5284,5013,4640,3855,3472,3,1.5218894,0.91749877,-0.20694381,
1_1_1_2_34_0,5351,5118,4636,4551,4146,3456,3049,3,1.5204985,0.9136287,-0.20650618,
1_1_1_2_35_0,5726,5515,5493,5708,5271,4916,4360,3,1.2598624,0.89323723,-0.11499036,
1_1_1_2_36_0,5852,5646,5708,5775,5740,5230,4760,3,1.1991596,0.90678823,-0.09056171,
1_1_1_2_37_0,5993,5883,5923,5914,5661,5270,4948,3,1.1970493,0.89590716,-0.08968816,
1_1_1_2_38_0,5500,5265,5253,5357,5128,4785,4358,3,1.2053695,0.9169853,-0.09312247,
1_1_1_2_39_0,5874,5692,5735,5829,5778,5177,4838,3,1.1854072,0.90081817,-0.08483874,
1_1_2_0_0,5296,5346,5613,5744,5586,5399,5235,2,1.0722063,0.7605796,-0.034845132,
1_1_2_1_0,5921,5931,6287,6418,6348,6209,6136,2,1.0246089,0.80493003,-0.012154874,
1_1_2_2_0,5768,5801,6137,6332,6311,6089,5977,2,1.0267693,0.7808135,-0.013207858,
1_1_2_3_0,5726,5717,5986,6128,6032,5840,5739,2,1.0430388,0.81780607,-0.021066098,
1_1_2_4_0,5777,5754,6033,6157,6080,5968,5790,2,1.041969,0.8077285,-0.020553159,
1_1_2_5_0,5926,5967,6310,6408,6371,6289,6148,2,1.02635,0.8219847,-0.013003692,
1_1_2_6_0,5781,5730,6019,6101,5999,5906,5755,2,1.0458732,0.8356559,-0.022422286,
1_1_2_7_0,5729,5741,6042,6150,6100,5951,5831,2,1.0361859,0.82514703,-0.017771414,
1_1_2_8_0,5942,5895,6223,6355,6324,6192,6029,2,1.0321778,0.8321678,-0.015834149,
1_1_2_9_0,5867,5860,6189,6308,6219,6142,5961,2,1.0382487,0.80920035,-0.018765433,
1_1_2_10_0,6307,6351,6773,6958,6863,6848,6736,2,1.0054929,0.7762551,-0.0027389147,
1_1_2_11_0,5852,5832,6165,6344,6257,6162,6039,2,1.0208644,0.82764024,-0.010324484,
1_1_2_12_0,5735,5712,5974,6055,5927,5766,5554,2,1.0756211,0.8281325,-0.036433034,
1_1_2_13_0,5879,5850,6228,6351,6293,6216,6100,2,1.0209836,0.8568481,-0.010382868,
1_1_2_14_0,5965,5985,6342,6515,6464,6383,6206,2,1.0219142,0.81749165,-0.010838381,
1_1_2_15_0,5938,5958,6299,6416,6369,6284,6156,2,1.0232294,0.8259271,-0.011481333,
1_1_2_16_0,6056,6095,6460,6595,6561,6516,6388,2,1.0112711,0.7866041,-0.005603985,
1_1_2_17_0,5967,5957,6336,6464,6476,6351,6220,2,1.0186495,0.7902329,-0.009238611,
1_1_2_18_0,6142,6169,6567,6715,6691,6661,6524,2,1.0065911,0.7749964,-0.0032846995,
1_1_2_19_0,5956,5949,6309,6452,6385,6330,6159,2,1.0243546,0.7707992,-0.012030799,
1_1_2_20_0,6274,6266,6673,6902,6794,6750,6629,2,1.0066375,0.77733654,-0.0033077733,
1_1_2_21_0,6367,6373,6824,7009,7028,6910,6777,2,1.0069352,0.7771891,-0.0034556282,
1_1_2_22_0,6256,6293,6662,6828,6782,6726,6569,2,1.0141574,0.79466707,-0.007028947,
1_1_2_23_0,6182,6177,6595,6697,6688,6658,6500,2,1.0146154,0.7878437,-0.0072546774,
1_1_2_24_0,6396,6361,6752,6944,6914,6834,6697,2,1.0082127,0.786296,-0.0040895236,
1_1_2_25_0,6253,6254,6648,6863,6812,6718,6637,2,1.0016574,0.7845627,-8.2800153E-4,
1_1_2_26_0,5864,5884,6192,6312,6283,6118,5948,2,1.0410222,0.7822202,-0.020098846,
1_1_2_27_0,6614,6596,7037,7238,7214,7179,7086,2,0.99308497,0.77454937,0.003469518,
1_1_2_28_0,6500,6493,6897,7028,7027,6975,6853,2,1.0064205,0.7998614,-0.0032,
1_1_2_29_0,6224,6208,6605,6762,6718,6584,6520,2,1.0130368,0.81202567,-0.0064761904,
1_1_2_30_0,6046,5985,6313,6448,6419,6274,6127,2,1.0303575,0.89219093,-0.014951768,
1_1_2_31_0,6077,6025,6355,6451,6431,6363,6225,2,1.0208836,0.89435625,-0.010333863,
1_1_2_32_0,6093,6088,6429,6576,6511,6450,6339,2,1.0141978,0.8102884,-0.0070488723,
1_1_2_33_0,5885,5882,6207,6346,6259,6256,5986,2,1.0369195,0.7719536,-0.018125154,
1_1_2_34_0,6416,6369,6729,6863,6829,6775,6629,2,1.0150852,0.8042493,-0.0074861506,
1_1_2_35_0,6196,6167,6474,6678,6615,6500,6383,2,1.0142566,0.8053279,-0.0070778565,
1_1_2_36_0,6210,6134,6330,6449,6483,6103,5739,2,1.1029797,0.8209886,-0.04896843,
1_1_2_37_0,5821,5828,6102,6222,6274,6126,5814,2,1.0495356,0.7806294,-0.024169184,
1_1_2_38_0,5874,5919,6203,6296,6210,5971,5884,2,1.0542148,0.7774775,-0.02639199,
1_1_2_39_0,6343,6353,6697,6920,6919,6723,6600,2,1.014697,0.75424546,-0.0072948784,
1_1_2_40_0,6523,6516,6949,7135,7138,7017,6984,2,0.99498856,0.77911264,0.002512022,
1_1_2_41_0,6485,6448,6878,7073,7063,6992,6947,2,0.99006766,0.76705945,0.0049909586,
1_1_2_42_0,6323,6321,6749,6905,6843,6808,6698,2,1.0076143,0.7590093,-0.0037926675,
1_1_2_43_0,6521,6547,6943,7078,7097,7040,7002,2,0.9915738,0.77281344,0.004230907,
1_1_2_44_0,6596,6577,6983,7173,7133,7061,6975,2,1.0011469,0.7691997,-5.73148E-4,
1_1_2_45_0,6517,6542,6966,7130,7107,7033,6915,2,1.0073752,0.77723444,-0.0036740869,
1_1_2_46_0,6408,6396,6779,6881,6902,6857,6736,2,1.0063837,0.7863427,-0.00318165,
1_1_2_47_0,6497,6517,6909,7072,7001,6889,6872,2,1.0053842,0.7906306,-0.002684856,
1_1_2_48_0,6150,6181,6480,6658,6490,6432,6307,2,1.0274298,0.7970635,-0.013529366,
1_1_2_49_0,6041,6086,6393,6546,6471,6429,6212,2,1.0291371,0.79581,-0.014359381,
1_1_2_50_0,6539,6469,6867,7049,6958,6945,6815,2,1.0076302,0.7689363,-0.003800614,
1_1_2_51_0,6623,6546,6958,7122,7174,7022,6943,2,1.0021604,0.7703854,-0.0010790591,
1_1_2_52_0,6009,6038,6375,6498,6445,6433,6235,2,1.0224539,0.7478651,-0.0111023,
1_1_2_53_0,6425,6375,6755,6873,6734,6767,6701,2,1.0080585,0.7600773,-0.0040130797,
1_1_2_54_0,6238,6293,6617,6708,6713,6733,6594,2,1.0034881,0.73887813,-0.0017409734,
1_1_2_55_0,5698,5678,5900,5951,5868,5750,5563,2,1.0605788,0.75707877,-0.029398935,
1_1_2_56_0,6371,6378,6775,6955,6938,6822,6727,2,1.0071354,0.7536431,-0.003555029,
1_1_2_57_0,6186,6219,6529,6632,6585,6303,6391,2,1.0215929,0.7575244,-0.010681114,
1_1_2_58_0,6310,6352,6714,6786,6805,6746,6585,2,1.01959,0.7367054,-0.009699977,
1_1_2_59_0,6350,6347,6707,6768,6729,6583,6492,2,1.0331177,0.8054331,-0.016289113,
1_1_2_60_0,5984,5900,6202,6276,6216,6075,5903,2,1.0506523,0.8246482,-0.024700537,
1_1_2_61_0,6325,6310,6666,6795,6761,6696,6570,2,1.0146118,0.81635004,-0.0072529465,
1_1_2_62_0,6492,6513,6955,7164,7045,7069,6868,2,1.0126674,0.7751431,-0.006293858,
1_1_2_63_0,6368,6343,6750,6806,6791,6797,6689,2,1.0091194,0.7592567,-0.0045390283,
1_1_2_64_0,6308,6401,6682,6761,6729,6525,6560,2,1.0185976,0.7884884,-0.0092131095,
1_1_2_65_0,6534,6481,6838,6960,6936,6845,6778,2,1.0088521,0.77780825,-0.0044065807,
1_1_2_66_0,6343,6273,6620,6759,6708,6590,6484,2,1.0209748,0.76878613,-0.010378511,
1_1_2_67_0,6535,6574,6987,7207,7106,7085,6977,2,1.0014333,0.7669668,-7.1612716E-4,
1_1_2_68_0,6668,6684,7021,7130,7240,7124,7048,2,0.99616915,0.77884233,0.001919113,
1_1_2_69_0,6663,6644,7095,7203,7232,7116,7091,2,1.0005641,0.77599573,-2.8196812E-4,
1_1_2_70_0,6045,5999,6271,6359,6289,6117,6038,2,1.0385889,0.79799193,-0.01892924,
1_1_2_71_0,6118,6125,6474,6609,6579,6505,6390,2,1.0131456,0.7851938,-0.006529851,
1_1_2_72_0,6036,6017,6359,6515,6477,6443,6244,2,1.0184177,0.7799142,-0.009124812,
1_1_2_73_0,6348,6351,6724,6840,6787,6712,6585,2,1.0211086,0.77575845,-0.01044406,
1_1_2_74_0,6019,5982,6289,6387,6343,6139,6023,2,1.0441641,0.82211393,-0.021604938,
1_1_2_75_0,6343,6365,6721,6885,6845,6768,6609,2,1.0169466,0.79396844,-0.008402101,
1_1_2_76_0,6767,6757,7197,7342,7238,7182,7157,2,1.0055889,0.7875661,-0.0027866797,
1_1_2_77_0,6465,6458,6855,6989,6889,6740,6747,2,1.0160071,0.7797988,-0.007940009,
1_1_2_78_0,6632,6593,6963,7149,7114,6958,6902,2,1.008838,0.77517503,-0.0043995674,
1_1_2_79_0,6735,6727,7128,7297,7295,7301,7176,2,0.99331105,0.77915895,0.0033557047,
1_1_2_80_0,6804,6732,7170,7373,7317,7264,7161,2,1.0012568,0.7868613,-6.280092E-4,
1_1_2_81_0,6405,6389,6757,6896,6789,6844,6753,2,1.0005924,0.7671138,-2.96077E-4,
1_1_2_82_0,6482,6473,6889,7007,7007,6965,6890,2,0.99985486,0.7690626,7.257421E-5,
1_1_2_83_0,6274,6317,6677,6847,6859,6709,6594,2,1.0125872,0.7749368,-0.0062542385,
1_1_2_84_0,6264,6222,6493,6646,6539,6511,6231,2,1.0420479,0.82677627,-0.02059101,
1_1_2_85_0,6153,6202,6567,6792,6690,6629,6461,2,1.0164062,0.7689675,-0.008136322,
1_1_2_86_0,6108,6152,6469,6572,6523,6399,6326,2,1.0226052,0.7450007,-0.011176241,
1_1_2_87_0,6530,6525,6959,7062,7066,7063,6942,2,1.0024489,0.78351784,-0.0012229336,
1_1_2_88_0,6081,6044,6405,6558,6540,6387,6236,2,1.0271007,0.80122185,-0.013369195,
1_1_2_89_0,6142,6236,6538,6772,6758,6562,6504,2,1.0052276,0.7531628,-0.002606962,
1_1_2_90_0,6549,6516,6907,7062,7066,7029,6939,2,0.9953884,0.76681125,0.0023111368,
1_1_2_91_0,6215,6151,6446,6598,6483,6353,6258,2,1.0300416,0.84909064,-0.0147984885,
1_1_2_92_0,6377,6313,6561,6651,6579,6503,6350,2,1.0332284,0.8694107,-0.016342653,
1_1_2_93_0,6520,6539,6916,7085,7008,6988,6831,2,1.0124433,0.81714606,-0.0061831675,
1_1_2_94_0,6416,6327,6574,6696,6597,6488,6339,2,1.0370721,0.8360418,-0.018198714,
1_1_2_95_0,6392,6376,6689,6730,6705,6575,6510,2,1.0274962,0.8067441,-0.013561633,
1_1_2_96_0,6643,6597,7004,7084,7052,7010,6917,2,1.0125777,0.7941256,-0.006249551,
1_1_2_97_0,6405,6371,6705,6771,6642,6598,6514,2,1.0293214,0.8143244,-0.0144489,
1_1_2_98_0,6420,6399,6727,6888,6823,6663,6614,2,1.017085,0.8022814,-0.008470129,
1_1_2_99_0,6233,6188,6548,6687,6546,6399,6319,2,1.0362399,0.8253687,-0.017797466,
1_1_2_100_0,6286,6255,6493,6573,6384,6201,6063,2,1.070922,0.815148,-0.034246575,
1_1_2_101_0,6171,6157,6476,6564,6485,6398,6276,2,1.0318674,0.8119482,-0.015683815,
1_1_2_102_0,6727,6707,7102,7281,7306,7242,7137,2,0.99509597,0.7736348,0.0024580378,
1_1_2_103_0,6310,6359,6751,7053,6899,6941,6788,2,0.9945492,0.7551753,0.002732846,
1_1_2_104_0,5970,5919,6150,6261,6172,6010,5767,2,1.0664123,0.80073017,-0.032138962,
1_1_2_105_0,6207,6253,6606,6786,6711,6703,6531,2,1.0114837,0.77314615,-0.005709066,
1_1_2_106_0,6101,6148,6448,6639,6563,6467,6336,2,1.0176767,0.78306264,-0.008760951,
1_1_2_107_0,6450,6505,6877,7058,6982,6961,6894,2,0.9975341,0.76287264,0.0012344782,
1_1_2_108_0,6263,6283,6684,6839,6645,6765,6592,2,1.0139563,0.76488763,-0.006929798,
1_1_2_109_0,6192,6121,6367,6430,6381,6241,6038,2,1.0544882,0.8342823,-0.026521564,
1_1_2_110_0,6416,6452,6824,6904,6879,6797,6738,2,1.0127634,0.77986205,-0.006341248,
1_1_2_111_0,6441,6405,6775,6824,6808,6734,6651,2,1.0186439,0.82244986,-0.009235811,
1_1_2_112_0,6296,6231,6488,6615,6559,6457,6257,2,1.0369186,0.8613891,-0.018124755,
1_1_2_113_0,6438,6366,6716,6770,6777,6686,6517,2,1.0305356,0.8654945,-0.0150381625,
1_1_2_114_0,6223,6237,6611,6755,6552,6450,6461,2,1.0232162,0.796371,-0.011474908,
1_1_2_115_0,6488,6469,6847,6982,6918,6889,6771,2,1.0112244,0.80622643,-0.005580849,
1_1_2_116_0,6155,6105,6405,6563,6514,6403,6244,2,1.0257847,0.8221161,-0.0127282785,
1_1_2_117_0,6221,6230,6573,6715,6706,6630,6516,2,1.0087477,0.7904871,-0.004354802,
1_1_2_118_0,6468,6426,6783,6927,6866,6807,6766,2,1.0025126,0.8111612,-0.0012547051,
1_1_2_119_0,6882,6865,7303,7414,7408,7397,7335,2,0.99563736,0.78706235,0.002186091,
1_1_2_120_0,6715,6692,7074,7163,7141,7103,7031,2,1.0061158,0.76873267,-0.0030485643,
1_1_2_121_0,6211,6174,6486,6596,6539,6499,6301,2,1.0293604,0.798689,-0.014467819,
1_1_2_122_0,5823,5787,6109,6314,6230,6150,6009,2,1.0166417,0.8409416,-0.008252187,
1_1_2_123_0,6541,6518,6873,6975,6925,6860,6808,2,1.0095476,0.8005525,-0.0047511146,
1_1_2_124_0,6364,6286,6591,6682,6653,6552,6416,2,1.0272756,0.8556458,-0.013454294,
1_1_2_125_0,6577,6576,6925,7052,6989,6944,6881,2,1.0063944,0.8599915,-0.00318702,
1_1_2_126_0,6706,6634,7022,7170,7122,7047,6920,2,1.0147399,0.88171893,-0.0073160236,
1_1_2_127_0,6381,6296,6578,6684,6594,6474,6353,2,1.0354164,0.8660344,-0.017400047,
1_1_2_128_0,5022,5204,5125,4992,4759,4169,3677,2,1.3937993,0.9171118,-0.16450806,
1_1_2_129_0,4776,4941,4882,4782,4470,3831,3402,2,1.4350382,0.93537015,-0.17865765,
1_1_2_130_0,5149,5256,5284,5209,4964,4575,4120,2,1.2825242,0.88793105,-0.123777114,
1_1_2_131_0,5205,5360,5366,5302,4985,4606,4239,2,1.2658646,0.8843382,-0.11733472,
1_1_2_132_0,5021,5186,5151,5051,4845,4246,3866,2,1.332385,0.90277016,-0.1425086,
1_1_2_133_0,4893,5041,4992,4851,4587,3904,3633,2,1.374071,0.91418266,-0.15756522,
1_1_2_134_0,5030,5120,5098,5066,4808,4235,3832,2,1.3303758,0.90051967,-0.14176932,
1_1_2_135_0,5219,5279,5337,5255,5022,4451,4068,2,1.3119469,0.8830034,-0.13492823,
1_1_2_136_0,5001,5134,5162,5082,4927,4329,3979,2,1.2973108,0.8927189,-0.12941691,
1_1_2_137_0,5206,5375,5443,5486,5233,4852,4443,2,1.2250731,0.8754361,-0.10115314,
1_1_2_138_0,5257,5354,5446,5351,5236,4693,4490,2,1.2129176,0.87793756,-0.096215785,
1_1_2_139_0,5305,5392,5464,5431,5227,4868,4590,2,1.190414,0.8660668,-0.08693057,
1_1_2_140_0,5376,5451,5572,5543,5385,5001,4670,2,1.1931478,0.87030363,-0.08806874,
1_1_2_141_0,5182,5238,5197,5039,4763,4217,3825,2,1.3586928,0.9036889,-0.15207271,
1_1_2_142_0,5253,5364,5390,5345,5149,4636,4362,2,1.2356718,0.87650865,-0.10541427,
1_1_2_143_0,5302,5399,5440,5391,5177,4737,4473,2,1.216186,0.8749783,-0.09754867,
1_1_2_144_0,4865,5031,4957,4915,4717,3948,3525,2,1.4062412,0.91038543,-0.1688281,
1_1_2_145_0,5021,5154,5184,5057,4798,4214,3890,2,1.3326478,0.9036011,-0.14260525,
1_1_2_146_0,5077,5221,5186,5083,4879,4277,3768,2,1.3763269,0.90651816,-0.15836498,
1_1_2_147_0,5114,5278,5263,5128,4886,4313,3966,2,1.3270297,0.8992443,-0.14053527,
1_1_2_148_0,4985,5160,5150,5149,4920,4249,3714,2,1.3866451,0.9086369,-0.1620036,
1_1_2_149_0,5206,5361,5326,5208,5034,4398,4039,2,1.3186432,0.8761155,-0.13742658,
1_1_2_150_0,5265,5334,5307,5308,5115,4451,4137,2,1.2828137,0.8666667,-0.12388818,
1_1_2_151_0,5387,5500,5537,5513,5351,4911,4523,2,1.2241875,0.86662143,-0.10079523,
1_1_2_152_0,5387,5500,5561,5499,5298,4911,4507,2,1.2338585,0.8577943,-0.10468812,
1_1_2_153_0,5290,5426,5462,5423,5172,4728,4418,2,1.2363061,0.8598115,-0.105668016,
1_1_2_154_0,5163,5290,5285,5248,4942,4442,4006,2,1.3192711,0.87522155,-0.1376601,
1_1_2_155_0,5394,5537,5650,5671,5589,5150,4860,2,1.1625514,0.8331402,-0.07516651,
1_1_2_156_0,5462,5546,5664,5654,5461,5158,4757,2,1.1906664,0.834298,-0.08703579,
1_1_2_157_0,5530,5607,5703,5695,5506,5116,4770,2,1.1955975,0.8498845,-0.08908622,
1_1_2_158_0,5311,5415,5450,5412,5230,4728,4485,2,1.2151617,0.86146444,-0.09713136,
1_1_2_159_0,5147,5252,5305,5365,5093,4622,4241,2,1.2508842,0.87303853,-0.1114603,
1_1_2_160_0,5115,5279,5267,5242,5011,4467,4067,2,1.2950578,0.8706591,-0.12856224,
1_1_2_161_0,5005,5117,5119,5013,4808,4227,3813,2,1.3425125,0.8843675,-0.14621586,
1_1_2_162_0,5141,5289,5315,5407,5087,4825,4354,2,1.2207166,0.8383733,-0.0993898,
1_1_2_163_0,5175,5261,5330,5351,5170,4666,4295,2,1.2409779,0.8547506,-0.107532464,
1_1_2_164_0,5112,5251,5254,5120,4855,4374,4036,2,1.3017839,0.87837595,-0.13110872,
1_1_2_165_0,5010,5147,5183,5154,4912,4413,4005,2,1.2941324,0.8812134,-0.12821071,
1_1_2_166_0,4922,5080,5097,5002,4792,4291,4016,2,1.2691733,0.88113314,-0.11862175,
1_1_2_167_0,5223,5337,5420,5427,5264,4795,4505,2,1.2031077,0.8451167,-0.092191435,
1_1_2_168_0,5362,5479,5528,5535,5381,5012,4597,2,1.2025234,0.83735746,-0.09195062,
1_1_2_169_0,5355,5471,5504,5425,5234,4865,4490,2,1.2258352,0.858356,-0.101460874,
1_1_2_170_0,5177,5320,5291,5389,5076,4701,4262,2,1.241436,0.8575419,-0.107714854,
1_1_2_171_0,5504,5571,5687,5714,5473,5129,4771,2,1.1919932,0.8383105,-0.08758845,
1_1_2_172_0,4931,5087,5130,5087,4865,4308,4020,2,1.2761194,0.88827026,-0.12131148,
1_1_2_173_0,5153,5269,5311,5296,5047,4602,4310,2,1.2322506,0.87609047,-0.10404324,
1_1_2_174_0,5109,5300,5323,5231,4983,4507,4074,2,1.3065783,0.8824365,-0.13291477,
1_1_2_175_0,5538,5606,5706,5660,5509,4976,4740,2,1.2037975,0.8437757,-0.092475586,
1_1_2_176_0,5520,5603,5604,5592,5316,4919,4503,2,1.2445036,0.8522314,-0.1089344,
1_1_2_177_0,5286,5352,5391,5351,5165,4607,4279,2,1.2598737,0.8567216,-0.11499483,
1_1_2_178_0,5454,5515,5663,5703,5476,5164,4896,2,1.1566585,0.820132,-0.07263946,
1_1_2_179_0,5273,5330,5401,5226,5058,4542,4269,2,1.2651675,0.86265945,-0.11706308,
1_1_2_180_0,5405,5484,5511,5534,5246,4894,4609,2,1.1957041,0.8393426,-0.08913043,
1_1_2_181_0,5436,5480,5609,5572,5477,5049,4808,2,1.1665974,0.83430964,-0.07689354,
1_1_2_182_0,5542,5662,5829,5942,5843,5364,5097,2,1.1436139,0.82910675,-0.06699616,
1_1_2_183_0,5214,5370,5422,5455,5199,4726,4329,2,1.2524832,0.8549223,-0.112091064,
1_1_2_184_0,5581,5627,5766,5803,5591,5162,4942,2,1.1667341,0.83289903,-0.07695181,
1_1_2_185_0,5630,5695,5817,5648,5600,5038,4997,2,1.1640985,0.8406593,-0.07582763,
1_1_2_186_0,5618,5711,5883,5806,5813,5344,5204,2,1.1304766,0.83485943,-0.061242897,
1_1_2_187_0,5416,5496,5616,5569,5339,5014,4671,2,1.2023121,0.85050505,-0.09186352,
1_1_2_188_0,5664,5712,5836,5687,5619,5120,4926,2,1.1847341,0.84555733,-0.08455677,
1_1_2_189_0,5611,5705,5696,5706,5426,5000,4642,2,1.2270573,0.8498703,-0.10195395,
1_1_2_190_0,5309,5422,5444,5513,5386,4876,4436,2,1.2272317,0.84861916,-0.102024294,
1_1_2_191_0,5249,5320,5263,5242,4919,4385,4023,2,1.3082277,0.8712627,-0.13353436,
1_1_2_192_0,6009,6093,6380,6440,6341,6247,6128,2,1.0411227,0.790479,-0.020147106,
1_1_2_193_0,5979,6020,6305,6485,6267,5979,5890,2,1.0704584,0.79567486,-0.03403034,
1_1_2_194_0,6066,6108,6403,6497,6400,6182,5989,2,1.0691267,0.81085086,-0.03340865,
1_1_2_195_0,5989,6020,6308,6376,6240,6002,5769,2,1.0934304,0.8256255,-0.04463029,
1_1_2_196_0,6241,6279,6664,6873,6816,6656,6495,2,1.02602,0.84,-0.012842922,
1_1_2_197_0,6236,6312,6744,6742,6725,6541,6349,2,1.0622145,0.84967035,-0.030168792,
1_1_2_198_0,5622,5699,5716,5693,5524,4918,4524,2,1.2634836,0.85393625,-0.11640625,
1_1_2_199_0,5570,5617,5614,5561,5392,4772,4457,2,1.2595917,0.86147475,-0.114884324,
1_2_0_0,1693,2033,2467,2611,2713,2821,2877,4,0.8574904,-0.32693264,0.07672156,
1_2_1_0,1887,2210,2626,2783,2851,2969,3003,4,0.87445885,-0.30382738,0.066974595,
1_2_2_0,1916,2184,2595,2673,2682,2836,2891,4,0.8976133,-0.24494383,0.05395552,
1_2_3_0,1934,2426,3143,3340,3598,3689,3787,4,0.82994455,-0.33470452,0.092929296,
1_2_4_0,1780,2060,2463,2602,2728,2826,2866,4,0.8593859,-0.30393648,0.075623944,
1_2_5_0,1954,2253,2680,2812,2889,2957,3072,4,0.8723958,-0.2693368,0.06815021,
1_2_6_0,1681,2203,2883,3129,3339,3446,3444,4,0.837108,-0.34531948,0.088667616,
1_2_7_0,1720,2199,2954,3143,3365,3558,3569,4,0.82768285,-0.3968733,0.09428177,
1_2_8_0,1883,2331,2943,3118,3287,3392,3427,4,0.8587686,-0.29968455,0.07598116,
1_2_9_0,1754,2092,2638,2753,2860,2978,3094,4,0.852618,-0.3047524,0.07955339,
1_2_10_0,1822,2202,2663,2808,2892,3029,3055,4,0.87168574,-0.26856005,0.06855544,
1_2_11_0,1776,2280,2963,3204,3377,3496,3558,4,0.83277124,-0.3387471,0.09124368,
1_2_12_0,1751,2254,2888,3089,3258,3383,3390,4,0.8519174,-0.32806677,0.07996177,
1_2_13_0,2232,2550,2932,3049,3100,3196,3259,4,0.8996625,-0.17127071,0.052818608,
1_2_14_0,1796,2114,2515,2691,2762,2872,2893,4,0.86933976,-0.30311522,0.06989645,
1_2_15_0,1869,2171,2644,2807,2953,3073,3116,4,0.84852374,-0.28737897,0.08194444,
1_2_16_0,2053,2500,2981,3122,3269,3431,3460,4,0.8615607,-0.27567723,0.07436734,
1_2_17_0,1789,2165,2644,2786,2897,3055,3079,4,0.85872036,-0.31422237,0.07600909,
1_2_18_0,1631,2024,2531,2686,2805,2908,2922,4,0.8661876,-0.31074408,0.07170365,
1_2_19_0,1452,1840,2388,2580,2724,2871,2895,4,0.82487047,-0.38430652,0.0959682,
1_2_20_0,1710,1997,2400,2555,2625,2738,2791,4,0.85990685,-0.29020792,0.07532267,
1_2_21_0,1714,2069,2564,2711,2828,2979,2983,4,0.85953736,-0.30219224,0.075536326,
1_2_22_0,1694,2074,2552,2725,2808,2918,3010,4,0.84784055,-0.29837617,0.08234448,
1_2_23_0,1753,2072,2561,2704,2841,2975,3001,4,0.85338223,-0.29427794,0.07910823,
1_2_24_0,2097,2431,2900,3010,3119,3216,3277,4,0.88495576,-0.15014857,0.061032865,
1_2_25_0,1854,2205,2665,2863,2910,3058,3060,4,0.87091506,-0.20021763,0.06899563,
1_2_26_0,1335,1599,1860,1971,2018,2076,2059,4,0.9033511,-0.25315273,0.05077826,
1_2_27_0,1772,2016,2355,2474,2684,2789,2975,4,0.79159665,-0.3060241,0.1163227,
1_2_28_0,1457,1761,2228,2425,2570,2698,2763,4,0.8063699,-0.42880312,0.10719295,
1_2_29_0,1512,1730,2037,2224,2274,2356,2250,4,0.90533334,-0.20532843,0.049685095,
1_2_30_0,1703,2067,2519,2675,2780,2856,2862,4,0.8801537,-0.22029422,0.0637428,
1_2_31_0,1870,2131,2499,2663,2703,2796,2760,4,0.9054348,-0.16480501,0.049629208,
1_2_32_0,1760,2066,2408,2487,2547,2614,2596,4,0.9275809,-0.14592807,0.037569944,
1_2_33_0,1438,1685,1961,2074,2138,2216,2181,4,0.89912885,-0.18124393,0.053114437,
1_2_34_0,1780,2110,2468,2547,2603,2671,2652,4,0.9306184,-0.14747475,0.0359375,
1_2_35_0,1476,1804,2167,2265,2365,2450,2456,4,0.882329,-0.2543914,0.06251352,
1_2_36_0,1565,1866,2273,2435,2542,2628,2733,4,0.8316868,-0.2861515,0.09188973,
1_2_37_0,1625,1977,2398,2539,2580,2619,2563,4,0.93562233,-0.14802845,0.033259425,
1_2_38_0,1823,2127,2477,2559,2614,2671,2606,4,0.9504988,-0.103666246,0.025378713,
1_2_39_0,1710,2090,2393,2509,2544,2594,2569,4,0.93149084,-0.12534003,0.03546957,
1_2_40_0,1611,1956,2349,2491,2555,2645,2632,4,0.8924772,-0.22040653,0.0568159,
1_2_41_0,1612,1951,2301,2454,2498,2556,2505,4,0.9185629,-0.17154989,0.04244694,
1_2_42_0,1542,1912,2374,2497,2568,2680,2690,4,0.8825279,-0.23642172,0.062401265,
1_2_43_0,1400,1659,2066,2180,2261,2367,2400,4,0.86083335,-0.28274968,0.07478728,
1_2_44_0,1515,1778,2100,2211,2268,2339,2289,4,0.9174312,-0.19565709,0.043062203,
1_2_45_0,1580,1824,2070,2136,2180,2218,2154,4,0.96100277,-0.105882354,0.019886363,
1_2_46_0,1493,1720,1973,2048,2105,2152,2080,4,0.9485577,-0.15312654,0.026400197,
1_2_47_0,1596,1850,2121,2169,2214,2284,2229,4,0.9515478,-0.13247362,0.024827586,
1_2_48_0,1424,1559,1709,1781,1799,1814,1794,4,0.95261985,-0.11117446,0.024264915,
1_2_49_0,1455,1667,1940,2016,2080,2128,2116,4,0.9168242,-0.16670832,0.043392505,
1_2_50_0,1388,1557,1775,1849,1871,1940,1872,4,0.9481838,-0.11433447,0.026597204,
1_2_51_0,1461,1695,1952,1992,2047,2068,2058,4,0.94849366,-0.11000262,0.026433915,
1_2_52_0,1429,1566,1896,2086,2189,2371,2459,4,0.77104515,-0.33375877,0.1292767,
1_2_53_0,1133,1204,1447,1579,1665,1831,1946,4,0.7435766,-0.4654828,0.14706749,
1_2_54_0,1371,1517,1688,1783,1845,1812,1799,4,0.93829906,-0.12438673,0.03183252,
1_2_55_0,1271,1336,1438,1502,1494,1498,1434,4,1.0027894,0.017517136,-0.0013927576,
1_2_56_0,1363,1468,1699,1750,1809,1868,1861,4,0.91295004,-0.15389049,0.045505617,
1_2_57_0,1431,1538,1666,1735,1746,1792,1724,4,0.9663573,-0.05846342,0.017109144,
1_2_58_0,1514,1771,2033,2121,2166,2223,2166,4,0.9385965,-0.14671163,0.03167421,
1_2_59_0,1450,1635,1828,1905,1923,1983,1948,4,0.93839836,-0.14037855,0.03177966,
1_2_60_0,1320,1431,1556,1632,1648,1695,1678,4,0.9272944,-0.1361304,0.037724182,
1_2_61_0,1489,1625,1786,1860,1872,1931,1893,4,0.94347596,-0.07248858,0.02908399,
1_2_62_0,1499,1663,1835,1900,1916,1923,1848,4,0.99296534,-0.024347316,0.0035297312,
1_2_63_0,1703,1995,2396,2553,2688,2763,2770,4,0.86498195,-0.20990099,0.072396435,
1_2_64_0,1740,2086,2599,2756,2896,2974,3084,4,0.8427367,-0.25672546,0.08534225,
1_2_65_0,1526,1905,2483,2646,2844,2951,2963,4,0.838002,-0.32602158,0.08813808,
1_2_66_0,1652,2165,2730,2915,2978,3169,3133,4,0.8713693,-0.28841412,0.06873614,
1_2_67_0,1727,2307,2962,3162,3284,3384,3364,4,0.8804994,-0.29384756,0.06354727,
1_2_68_0,1634,1964,2376,2516,2575,2650,2678,4,0.88722926,-0.24722116,0.05975465,
1_2_69_0,1730,2120,2583,2750,2782,2863,2845,4,0.9079086,-0.22740525,0.04826824,
1_2_70_0,1098,1125,1259,1345,1402,1492,1458,4,0.8635117,-0.1975749,0.073242545,
1_2_71_0,1000,989,1145,1289,1355,1389,1427,4,0.80238265,-0.27386197,0.109642304,
1_2_72_0,1092,1093,1218,1314,1391,1382,1368,4,0.8903509,-0.22564648,0.05800464,
1_2_73_0,979,920,943,1006,1000,1053,1032,4,0.9137597,-0.102000974,0.04506329,
1_2_74_0,1239,1341,1653,1807,1978,1996,2107,4,0.7845278,-0.32358134,0.12074468,
1_2_75_0,1240,1283,1454,1496,1573,1673,1632,4,0.89093137,-0.19358894,0.057679843,
1_2_76_0,997,990,1101,1205,1263,1332,1329,4,0.82844245,-0.25981307,0.09382716,
1_2_77_0,1378,1423,1723,1828,1887,2018,2149,4,0.80176824,-0.31520692,0.11002066,
1_2_78_0,1171,1230,1413,1483,1518,1594,1623,4,0.87061,-0.20645161,0.06916996,
1_2_79_0,1887,2062,2363,2536,2584,2658,2642,4,0.8943982,-0.20738035,0.055744257,
1_2_80_0,1858,2149,2518,2599,2689,2786,2859,4,0.8807275,-0.23929204,0.06341826,
1_2_81_0,986,953,1012,1110,1073,1180,1141,4,0.88694125,-0.1967973,0.059916396,
1_2_82_0,1141,1175,1257,1352,1384,1435,1413,4,0.8895966,-0.26859632,0.058426965,
1_2_83_0,1352,1568,1950,2046,2210,2341,2404,4,0.8111481,-0.3972708,0.10427193,
1_2_84_0,1187,1266,1409,1476,1556,1642,1558,4,0.9043646,-0.2804774,0.050219078,
1_2_85_0,1649,2008,2531,2710,2853,2967,2998,4,0.84422946,-0.36745945,0.08446374,
1_2_86_0,1649,2008,2531,2710,2853,2967,2998,4,0.84422946,-0.36745945,0.08446374,
1_2_87_0,1470,1756,2223,2411,2554,2678,2734,4,0.8130944,-0.41709542,0.103086546,
1_2_88_0,1659,1974,2377,2502,2627,2713,2678,4,0.8876027,-0.34570765,0.059545007,
1_2_89_0,1532,1880,2339,2502,2635,2730,2699,4,0.86661726,-0.36454284,0.071456924,
1_2_90_0,1563,1911,2438,2603,2751,2867,2891,4,0.84330684,-0.36585367,0.085006565,
1_2_91_0,1323,1460,1725,1825,1892,1968,1918,4,0.89937437,-0.3242305,0.052978314,
1_2_92_0,1401,1598,2004,2171,2289,2438,2482,4,0.8074134,-0.37796807,0.106553726,
1_2_93_0,1537,1875,2301,2472,2569,2739,2743,4,0.83886254,-0.38057482,0.087628864,
1_2_94_0,1572,1947,2442,2654,2805,2897,2881,4,0.84762233,-0.3713271,0.08247229,
1_2_95_0,1508,1832,2339,2505,2644,2745,2777,4,0.84227586,-0.3857502,0.08561376,
1_2_96_0,1606,1993,2584,2753,2903,3015,3023,4,0.85478,-0.4071981,0.078294985,
1_2_97_0,1392,1693,2130,2312,2480,2555,2514,4,0.84725535,-0.43330544,0.08268734,
1_2_98_0,1422,1742,2225,2442,2555,2735,2770,4,0.8032491,-0.45029977,0.10910911,
1_2_99_0,1324,1533,1808,1910,2027,2099,2070,4,0.87342995,-0.35506943,0.0675606,
1_2_100_0,1518,1898,2394,2546,2655,2799,2871,4,0.8338558,-0.36891106,0.09059829,
1_2_101_0,1480,1798,2282,2440,2577,2673,2766,4,0.82501805,-0.39634043,0.095879555,
1_2_102_0,1362,1601,1974,2142,2253,2375,2472,4,0.7985437,-0.4178182,0.1120108,
1_2_103_0,1503,1834,2294,2449,2530,2664,2739,4,0.8375319,-0.36506838,0.08841645,
1_2_104_0,1436,1731,2142,2323,2428,2547,2583,4,0.8292683,-0.3765532,0.093333334,
1_2_105_0,1413,1656,2071,2260,2355,2516,2582,4,0.8020914,-0.41782388,0.10982162,
1_2_106_0,1502,1890,2393,2589,2724,2862,2904,4,0.8240358,-0.3950064,0.0964697,
1_2_107_0,1398,1635,1991,2130,2257,2375,2458,4,0.8100081,-0.40361115,0.10496741,
1_2_108_0,1460,1791,2217,2397,2537,2619,2741,4,0.8088289,-0.38516992,0.105687775,
1_2_109_0,1447,1724,2204,2360,2558,2599,2682,4,0.8217748,-0.3944503,0.097830534,
1_2_110_0,1467,1786,2255,2418,2560,2637,2659,4,0.8480632,-0.3685699,0.08221408,
1_2_111_0,1542,1840,2340,2538,2624,2761,2788,4,0.83931136,-0.36,0.0873635,
1_2_112_0,1541,1938,2499,2735,2860,3003,3045,4,0.8206897,-0.40387574,0.09848485,
1_2_113_0,1362,1613,2049,2230,2357,2454,2493,4,0.8219013,-0.40600258,0.09775429,
1_2_114_0,1497,1795,2289,2439,2564,2648,2736,4,0.83662283,-0.3946037,0.08895522,
1_2_115_0,1409,1663,2028,2160,2283,2365,2452,4,0.82707995,-0.39184496,0.094642855,
1_2_116_0,1402,1635,2065,2249,2343,2460,2506,4,0.82402235,-0.41345292,0.09647779,
1_2_117_0,1347,1554,1906,2036,2147,2260,2290,4,0.83231443,-0.35811648,0.09151573,
1_2_118_0,1336,1548,1901,2048,2116,2241,2273,4,0.83633965,-0.37906137,0.089123145,
1_2_119_0,1377,1587,1953,2109,2174,2316,2323,4,0.8407232,-0.37995702,0.08652946,
1_2_120_0,1465,1798,2264,2424,2535,2666,2761,4,0.8199928,-0.38498375,0.098905474,
1_2_121_0,1130,1174,1458,1589,1740,1875,2069,4,0.70468825,-0.53115016,0.17323504,
1_2_122_0,1245,1446,1758,1927,2024,2145,2172,4,0.8093923,-0.39064476,0.10534351,
1_2_123_0,1429,1694,2163,2298,2420,2564,2628,4,0.8230594,-0.38254055,0.097056985,
1_2_124_0,1530,1895,2453,2697,2918,3099,3064,4,0.8005875,-0.40126383,0.1107486,
1_2_125_0,1494,1916,2458,2640,2818,2963,2999,4,0.81960654,-0.39843014,0.09913872,
1_2_126_0,1577,1918,2374,2495,2631,2743,2751,4,0.8629589,-0.3320564,0.073560975,
1_2_127_0,1519,1890,2374,2575,2701,2831,2822,4,0.8412473,-0.36029786,0.08622017,
1_2_128_0,1517,1901,2392,2587,2688,2847,2914,4,0.8208648,-0.3918746,0.098379195,
1_2_129_0,1710,2183,2827,3023,3183,3343,3396,4,0.8324499,-0.3704398,0.091435,
1_2_130_0,1576,2019,2582,2779,2947,3056,3117,4,0.8283606,-0.37905583,0.093876116,
1_2_131_0,1152,1295,1498,1599,1695,1788,1755,4,0.8535613,-0.35668156,0.079004,
1_2_132_0,1458,1717,2161,2393,2511,2664,2749,4,0.786104,-0.4226631,0.1197556,
1_2_133_0,1630,2089,2685,2877,3078,3254,3285,4,0.8173516,-0.39720097,0.10050251,
1_2_134_0,1588,1997,2509,2716,2859,2951,3026,4,0.8291474,-0.3655282,0.093405604,
1_2_135_0,1516,1842,2266,2385,2492,2652,2665,4,0.8502814,-0.36152512,0.08091665,
1_2_136_0,1566,1955,2495,2667,2869,2977,3075,4,0.8113821,-0.40945476,0.10412926,
1_2_137_0,1608,2041,2594,2800,2955,3091,3099,4,0.8370442,-0.37296468,0.08870543,
1_2_138_0,1632,2071,2660,2833,2948,3112,3199,4,0.8315098,-0.36208224,0.091995224,
1_2_139_0,1574,1973,2509,2678,2865,3010,3066,4,0.81833005,-0.38169852,0.09991031,
1_2_140_0,1580,1977,2497,2626,2854,3014,3069,4,0.8136201,-0.38160777,0.1027668,
1_2_141_0,1678,2115,2685,2878,2993,3169,3186,4,0.84274954,-0.33916575,0.085334696,
1_2_142_0,1553,1936,2473,2633,2814,2927,2988,4,0.82764393,-0.37325996,0.094305076,
1_2_143_0,1711,2227,2845,3068,3235,3371,3418,4,0.8323581,-0.3597815,0.0914897,
1_2_144_0,1515,1939,2486,2672,2820,2930,3005,4,0.82728785,-0.36973834,0.094518304,
1_2_145_0,1505,1901,2454,2608,2731,2882,2990,4,0.8207358,-0.39197186,0.098457016,
1_2_146_0,1617,2047,2613,2811,2957,3068,3145,4,0.8308426,-0.35077703,0.09239319,
1_2_147_0,1551,2014,2575,2762,2929,3052,3070,4,0.8387622,-0.35818994,0.08768822,
1_2_148_0,1561,1942,2473,2649,2815,2929,2966,4,0.83378285,-0.35727286,0.09064166,
1_2_149_0,1767,2247,2903,3081,3228,3408,3401,4,0.8535725,-0.33999118,0.07899746,
1_2_150_0,1687,2190,2829,3011,3226,3370,3374,4,0.83847064,-0.3623526,0.08786071,
1_2_151_0,1638,2135,2703,2895,3040,3163,3210,4,0.8420561,-0.35342216,0.08574328,
1_2_152_0,1766,2291,2927,3142,3311,3437,3472,4,0.84303,-0.33603826,0.08516956,
1_2_153_0,1879,2400,3102,3340,3501,3643,3637,4,0.85290074,-0.3361914,0.07938863,
1_2_154_0,1763,2266,2869,3089,3246,3382,3386,4,0.84731245,-0.34375906,0.08265388,
1_2_155_0,1755,2282,2866,3002,3250,3304,3368,4,0.8509501,-0.3447236,0.08052614,
1_2_156_0,1776,2271,2853,3034,3222,3358,3398,4,0.83961153,-0.33896086,0.08718605,
1_2_157_0,1595,1963,2407,2577,2711,2822,2852,4,0.84396917,-0.3424887,0.08461685,
1_2_158_0,1738,2257,2922,3153,3264,3447,3478,4,0.840138,-0.3571632,0.086875,
1_2_159_0,1625,2024,2549,2752,2930,3044,3112,4,0.8190874,-0.36422178,0.09945239,
1_2_160_0,1585,1927,2442,2635,2773,2915,2995,4,0.81535894,-0.36923078,0.101710506,
1_2_161_0,1603,1974,2506,2700,2828,2986,3037,4,0.8251564,-0.35584924,0.0957965,
1_2_162_0,1541,1891,2372,2562,2674,2786,2854,4,0.83111423,-0.34488136,0.092231154,
1_2_163_0,1541,1871,2288,2480,2607,2690,2736,4,0.83625734,-0.32148686,0.089171976,
1_2_164_0,1679,2130,2675,2854,2964,3048,3099,4,0.86318165,-0.32079083,0.07343263,
1_2_165_0,1489,1872,2394,2610,2767,2893,2942,4,0.81373215,-0.3922078,0.102698654,
1_2_166_0,1571,1999,2526,2713,2852,3007,3047,4,0.82901216,-0.36890292,0.09348645,
1_2_167_0,1611,2092,2643,2858,2970,3135,3169,4,0.83401704,-0.36024466,0.09050241,
1_2_168_0,1686,2095,2604,2801,2907,2997,3049,4,0.8540505,-0.35209525,0.078719266,
1_2_169_0,1597,2012,2576,2760,2911,3110,3161,4,0.814932,-0.3965207,0.101969674,
1_2_170_0,1359,1544,1763,1819,1908,1948,1971,4,0.8944698,-0.3163604,0.05570434,
1_2_171_0,1348,1516,1732,1835,1905,1987,1988,4,0.8712274,-0.33479595,0.068817206,
1_2_172_0,1501,1786,2069,2214,2260,2413,2426,4,0.8528442,-0.36666667,0.07942158,
1_2_173_0,1486,1757,2052,2152,2238,2326,2418,4,0.84863526,-0.344403,0.08187919,
1_2_174_0,1465,1715,2049,2208,2273,2359,2381,4,0.8605628,-0.34291187,0.074943565,
1_2_175_0,1508,1769,2068,2166,2243,2333,2331,4,0.8871729,-0.3036804,0.059786316,
1_2_176_0,1531,1774,2044,2184,2224,2311,2292,4,0.89179754,-0.28061637,0.05719557,
1_2_177_0,1562,1854,2185,2291,2392,2471,2547,4,0.857872,-0.3393907,0.07650042,
1_2_178_0,1502,1809,2223,2343,2421,2553,2667,4,0.8335208,-0.37760192,0.09079754,
1_2_179_0,1551,1910,2377,2494,2616,2751,2771,4,0.85781306,-0.3025379,0.07653458,
1_2_180_0,1544,1873,2272,2413,2466,2567,2622,4,0.8665141,-0.32807174,0.07151614,
1_2_181_0,1526,1905,2353,2498,2581,2722,2733,4,0.86095864,-0.32625994,0.07471491,
1_2_182_0,1514,1875,2381,2524,2622,2695,2748,4,0.86644834,-0.31581828,0.07155391,
1_2_183_0,1550,1884,2375,2546,2627,2753,2800,4,0.84821427,-0.36276,0.082125604,
1_2_184_0,1491,1831,2319,2458,2634,2720,2782,4,0.833573,-0.36742097,0.09076652,
1_2_185_0,1630,1930,2420,2632,2747,2890,2993,4,0.8085533,-0.40806624,0.10585627,
1_2_186_0,1866,2312,2959,3138,3288,3463,3484,4,0.8493111,-0.39109823,0.08148378,
1_2_187_0,1700,2139,2740,2946,3160,3276,3316,4,0.82629675,-0.3942226,0.09511229,
1_2_188_0,1569,2006,2602,2823,2934,3122,3106,4,0.83773345,-0.40642107,0.08829713,
1_2_189_0,1749,2164,2679,2837,3002,3130,3213,4,0.8338002,-0.38118386,0.090631366,
1_2_190_0,1582,1934,2426,2599,2765,2886,2946,4,0.8234895,-0.4093755,0.09679821,
1_2_191_0,1614,2074,2695,2903,3062,3200,3202,4,0.84166145,-0.40031806,0.08597592,
1_2_192_0,1650,2079,2668,2898,3052,3249,3306,4,0.80701756,-0.41691208,0.106796116,
1_2_193_0,1612,2016,2576,2790,2961,3112,3119,4,0.82590574,-0.4138683,0.09534679,
1_2_194_0,1555,1888,2376,2570,2718,2881,2942,4,0.80761385,-0.41110417,0.10643099,
1_2_195_0,1541,2063,2680,2881,3011,3175,3160,4,0.84810126,-0.40530413,0.08219178,
1_2_196_0,1529,1968,2505,2694,2780,2960,2973,4,0.84258324,-0.39371535,0.08543264,
1_2_197_0,1561,2080,2718,2922,3127,3192,3210,4,0.846729,-0.4111819,0.08299595,
1_2_198_0,1474,1860,2378,2552,2640,2798,2793,4,0.85141426,-0.3990307,0.08025527,
1_2_199_0,1609,1990,2517,2747,2854,2974,3046,4,0.8263296,-0.40481532,0.09509257,
2_0_0,838,717,455,777,2221,2741,2953,5,0.1540806,-0.3685601,0.7329812,
2_1_0,883,746,505,899,2247,2697,2903,5,0.17395797,-0.37099496,0.7036385,
2_2_0,855,691,452,678,1723,2030,2264,5,0.19964664,-0.2883625,0.6671576,
2_3_0,860,728,508,901,2051,2310,2410,5,0.21078838,-0.3212121,0.6518163,
2_4_0,813,658,450,723,1601,1783,1916,5,0.2348643,-0.22995904,0.61961114,
2_5_0,797,631,451,718,1444,1655,1648,5,0.27366504,-0.26798144,0.57027155,
2_6_0,780,597,407,569,1369,1341,1373,5,0.29643118,-0.23608445,0.54269665,
2_7_0,805,653,452,699,1470,1646,1702,5,0.26556993,-0.2026862,0.5803157,
2_8_0,805,649,481,766,1814,2110,2034,5,0.23647985,-0.34344968,0.617495,
2_9_0,803,645,451,702,1596,1825,1865,5,0.24182306,-0.2205438,0.6105354,
2_10_0,752,587,416,585,1246,1396,1567,5,0.26547542,-0.123880595,0.58043367,
2_11_0,799,664,470,742,1751,2037,2093,5,0.22455806,-0.2484437,0.6332423,
2_12_0,764,595,419,626,1513,1703,1636,5,0.25611246,-0.28270042,0.5922141,
2_13_0,871,680,529,750,1487,1719,1701,5,0.31099352,-0.3362616,0.52556056,
2_14_0,867,722,503,794,1915,2405,2418,5,0.20802316,-0.3427401,0.6555974,
2_15_0,919,820,657,1007,2222,2509,2756,5,0.23838897,-0.3815988,0.61500144,
2_16_0,839,699,467,834,2235,2823,2650,5,0.17622642,-0.39428076,0.7003529,
2_17_0,883,746,505,899,2247,2697,2903,5,0.17395797,-0.37099496,0.7036385,
2_18_0,818,672,441,739,1750,2118,2161,5,0.20407219,-0.24110672,0.66103,
2_19_0,801,647,436,717,1746,2067,2033,5,0.21446139,-0.26727065,0.6468206,
2_20_0,764,558,370,536,1110,1305,1187,5,0.3117102,-0.14482759,0.52472705,
2_21_0,810,620,441,625,1197,1450,1486,5,0.29676986,-0.26843658,0.5422937,
2_22_0,766,576,375,594,1255,1508,1505,5,0.24916944,-0.12859304,0.60106385,
2_23_0,795,680,446,862,2095,2403,2510,5,0.17768924,-0.24778761,0.6982409,
2_24_0,775,610,426,650,1456,1639,1815,5,0.23471074,-0.2890443,0.6198126,
2_25_0,753,564,389,548,1078,1204,1263,5,0.30799684,-0.090322584,0.5290557,
2_26_0,805,655,435,806,1793,2166,2221,5,0.19585772,-0.26569507,0.67243975,
2_27_0,806,667,444,758,1740,1905,2057,5,0.21584833,-0.24204545,0.64494205,
2_28_0,900,832,641,1167,2392,2745,3015,5,0.21260364,-0.39992788,0.64934355,
2_29_0,797,582,396,565,1146,1287,1438,5,0.2753825,-0.16797712,0.568157,
2_30_0,815,638,469,625,1300,1509,1624,5,0.28879312,-0.21088435,0.5518395,
2_31_0,785,579,394,489,1034,1111,1283,5,0.30709276,-0.06763285,0.5301133,
2_32_0,792,580,392,497,947,1073,1035,5,0.37874395,-0.10837817,0.45059565,
2_33_0,784,579,393,500,1029,1202,1210,5,0.3247934,-0.14158636,0.50966936,
2_34_0,788,606,402,647,1414,1547,1542,5,0.26070037,-0.2564417,0.58641976,
2_35_0,775,581,374,535,1107,1251,1303,5,0.28702992,-0.0659164,0.5539654,
2_36_0,793,605,400,597,1391,1531,1593,5,0.25109854,-0.15738161,0.5985951,
2_37_0,799,626,418,663,1504,1724,1851,5,0.22582388,-0.17250496,0.63155574,
2_38_0,797,644,432,675,1509,1732,1721,5,0.25101686,-0.18481013,0.5986995,
2_39_0,815,670,506,800,1640,1932,2051,5,0.24670893,-0.2733189,0.6042237,
2_40_0,734,577,407,549,1222,1445,1481,5,0.2748143,-0.16437364,0.56885594,
2_41_0,762,599,444,635,1317,1474,1590,5,0.2792453,-0.20080054,0.56342185,
2_42_0,752,590,428,619,1385,1610,1722,5,0.2485482,-0.22060767,0.60186046,
2_43_0,779,606,456,644,1379,1618,1770,5,0.25762713,-0.22307692,0.5902965,
2_44_0,787,614,487,687,1473,1705,1690,5,0.2881657,-0.3326087,0.5525953,
2_45_0,781,620,484,671,1248,1475,1455,5,0.33264604,-0.2264504,0.5007736,
2_46_0,758,584,462,626,1227,1531,1461,5,0.31622177,-0.2908318,0.5195008,
2_47_0,820,681,597,780,1437,1660,1793,5,0.33296153,-0.38119036,0.5004184,
2_48_0,883,740,726,929,1497,1560,1740,5,0.41724136,-0.44066516,0.4111922,
2_49_0,769,590,482,663,1274,1481,1405,5,0.3430605,-0.3139535,0.4891362,
2_50_0,735,545,386,528,1071,1247,1342,5,0.2876304,-0.15699923,0.5532407,
2_51_0,737,558,389,548,1078,1310,1279,5,0.30414388,-0.15261959,0.53357315,
2_52_0,822,681,563,800,1494,1690,1779,5,0.31646994,-0.32440478,0.51921433,
2_53_0,838,720,618,938,1671,1920,2084,5,0.29654512,-0.37090433,0.54256105,
2_54_0,786,634,490,735,1384,1597,1705,5,0.28739002,-0.3605648,0.55353075,
2_55_0,756,589,464,670,1198,1426,1444,5,0.32132965,-0.31311953,0.5136268,
2_56_0,783,627,489,759,1565,1703,1809,5,0.27031508,-0.3128767,0.5744125,
2_57_0,808,689,504,991,2164,2548,2560,5,0.196875,-0.39053518,0.6710183,
2_58_0,787,591,439,634,1203,1530,1356,5,0.32374632,-0.25613594,0.5108635,
2_59_0,858,711,507,856,1865,2269,2419,5,0.20959073,-0.35068494,0.6534518,
2_60_0,852,706,501,775,1819,2179,2194,5,0.22835004,-0.3237548,0.62820035,
2_61_0,869,687,516,684,1436,1645,1739,5,0.29672226,-0.32647058,0.54235035,
2_62_0,874,724,510,791,2079,2530,2746,5,0.18572469,-0.38644066,0.6867322,
2_63_0,906,774,517,853,2273,2824,3029,5,0.1706834,-0.34545454,0.7084038,
2_64_0,831,655,442,677,1544,1842,1771,5,0.24957651,-0.24233662,0.60054225,
2_65_0,785,648,468,714,1621,1839,2032,5,0.23031496,-0.24210526,0.6256,
2_66_0,744,555,396,527,1226,1407,1385,5,0.2859206,-0.15845338,0.555306,
2_67_0,736,551,414,559,1044,1217,1185,5,0.34936708,-0.16515152,0.48217636,
2_68_0,761,580,450,611,1282,1465,1552,5,0.28994846,-0.21885522,0.55044955,
2_69_0,843,646,473,678,1356,1626,1585,5,0.29842272,-0.3057496,0.5403304,
2_70_0,824,633,426,564,1237,1494,1559,5,0.27325207,-0.20527308,0.5707809,
2_71_0,919,826,668,980,2207,2610,2868,5,0.23291492,-0.41459957,0.62217194,
2_72_0,807,622,440,682,1418,1557,1600,5,0.275,-0.26346952,0.5686275,
2_73_0,883,765,543,914,1969,2460,2648,5,0.20506042,-0.42437923,0.6596678,
2_74_0,902,791,671,907,1790,2128,2115,5,0.31725767,-0.39549103,0.51830584,
2_75_0,894,735,660,928,1407,1635,1802,5,0.36625972,-0.4192019,0.46385053,
2_76_0,827,693,489,723,1402,1745,1933,5,0.25297466,-0.23720418,0.5962015,
2_77_0,775,560,377,544,1076,1142,1024,5,0.36816406,-0.1740413,0.461813,
2_78_0,778,579,376,509,1057,1192,1213,5,0.30997527,-0.08890637,0.5267464,
2_79_0,756,574,402,540,1031,1213,1258,5,0.31955484,-0.17111914,0.51566267,
2_80_0,784,623,433,620,1540,1759,1830,5,0.23661202,-0.25120193,0.61732215,
2_81_0,786,599,403,611,1538,1764,1537,5,0.2621991,-0.29777256,0.5845361,
2_82_0,773,620,417,618,1450,1790,1708,5,0.2441452,-0.20918368,0.6075294,
2_83_0,749,587,389,583,1291,1514,1514,5,0.25693527,-0.16441281,0.59117186,
2_84_0,767,592,392,590,1344,1504,1606,5,0.24408469,-0.17376134,0.6076076,
2_85_0,761,574,409,563,1120,1321,1269,5,0.32230103,-0.17231435,0.5125149,
2_86_0,822,607,424,624,1429,1579,1597,5,0.2654978,-0.16563573,0.5804057,
2_87_0,828,670,476,830,1894,2281,2205,5,0.21587302,-0.2713431,0.6449086,
2_88_0,822,703,515,935,2041,2325,2293,5,0.2245966,-0.33959606,0.6331909,
2_89_0,846,686,459,620,1305,1543,1543,5,0.29747245,-0.17942584,0.54145855,
2_90_0,813,651,465,660,1413,1670,1735,5,0.26801154,-0.24214202,0.5772727,
2_91_0,852,712,542,877,1814,1988,2176,5,0.24908088,-0.31373495,0.60117733,
2_92_0,801,681,463,828,1688,1804,1849,5,0.25040564,-0.33071253,0.599481,
2_93_0,872,729,635,825,1388,1637,1779,5,0.3569421,-0.3782516,0.47390223,
2_94_0,812,653,536,831,1466,1717,1738,5,0.30840045,-0.40446877,0.528584,
2_95_0,831,685,549,805,1648,1868,2002,5,0.27422577,-0.31362724,0.56958055,
2_96_0,791,637,448,657,1677,1904,2043,5,0.21928537,-0.23803827,0.6403051,
2_97_0,838,702,546,808,1781,2058,2290,5,0.23842795,-0.33301663,0.61495066,
2_98_0,755,592,431,614,1369,1614,1717,5,0.2510192,-0.25768024,0.5986965,
2_99_0,762,623,450,668,1646,1936,2108,5,0.21347249,-0.2730455,0.6481626,
2_100_0,768,609,445,679,1478,1719,1810,5,0.24585636,-0.2741359,0.6053215,
2_101_0,766,588,432,537,1016,1103,1155,5,0.37402597,-0.006756757,0.45557657,
2_102_0,790,597,438,666,1460,1658,1525,5,0.28721312,-0.23166023,0.55374426,
2_103_0,767,629,457,664,1494,1834,1991,5,0.2295329,-0.23339427,0.626634,
2_104_0,739,565,435,672,1336,1466,1554,5,0.27992278,-0.32213557,0.5625943,
2_105_0,760,590,432,578,1133,1404,1413,5,0.3057325,-0.24455826,0.53170735,
2_106_0,767,624,443,644,1456,1672,1800,5,0.24611111,-0.24133739,0.6049933,
2_107_0,789,642,468,642,1429,1697,1915,5,0.24438642,-0.27457628,0.6072178,
2_108_0,794,623,496,649,1305,1501,1592,5,0.3115578,-0.19509044,0.5249042,
2_109_0,823,665,570,765,1408,1704,1797,5,0.31719533,-0.38397408,0.5183777,
2_110_0,801,631,501,642,1192,1382,1428,5,0.35084033,-0.21075672,0.4805599,
2_111_0,770,592,454,569,1124,1310,1444,5,0.31440443,-0.19236016,0.5216017,
2_112_0,846,672,620,786,1251,1388,1589,5,0.3901825,-0.39919534,0.43866003,
2_113_0,771,623,465,675,1501,1750,1806,5,0.25747508,-0.27006444,0.5904888,
2_114_0,778,617,430,614,1309,1483,1614,5,0.26641884,-0.16902357,0.57925636,
2_115_0,816,685,505,735,1700,1996,2123,5,0.23787093,-0.24476296,0.6156773,
2_116_0,823,678,539,722,1577,1888,1862,5,0.28947368,-0.29994836,0.5510204,
2_117_0,762,600,438,679,1529,1716,1793,5,0.24428332,-0.22530665,0.60735095,
2_118_0,792,573,405,587,1152,1330,1274,5,0.3178964,-0.063725494,0.51756996,
2_119_0,802,606,440,611,1325,1621,1646,5,0.2673147,-0.16643742,0.57813996,
2_120_0,814,645,485,651,1319,1398,1502,5,0.3229028,-0.15075707,0.5118269,
2_121_0,764,545,383,589,1199,1302,1328,5,0.2884036,-0.12025827,0.5523086,
2_122_0,757,556,380,532,1059,1250,1296,5,0.29320988,-0.021987688,0.54653937,
2_123_0,787,578,428,580,1102,1359,1382,5,0.30969608,-0.12951808,0.52707183,
2_124_0,784,571,428,566,971,1135,1125,5,0.38044444,-0.23304231,0.44880876,
2_125_0,811,664,487,744,1597,1830,1867,5,0.2608463,-0.22157092,0.5862362,
2_126_0,818,660,516,667,1365,1620,1644,5,0.3138686,-0.16402787,0.5222222,
2_127_0,1040,870,765,1007,1610,1932,1884,5,0.40605095,-0.27287924,0.42242354,
2_128_0,810,630,471,690,1372,1514,1540,5,0.30584416,-0.22126082,0.53157634,
2_129_0,769,542,376,466,830,937,948,5,0.39662448,0.049370766,0.43202418,
2_130_0,812,608,459,633,1126,1386,1434,5,0.32008368,-0.2088484,0.5150555,
2_131_0,798,603,442,614,1164,1315,1459,5,0.30294722,-0.18237288,0.5349816,
2_132_0,791,597,431,552,1137,1301,1356,5,0.3178466,-0.15796897,0.5176273,
2_133_0,777,572,405,543,965,1239,1340,5,0.3022388,-0.13790505,0.5358166,
2_134_0,853,676,550,770,1648,1905,2007,5,0.27404085,-0.3320158,0.56980836,
2_135_0,805,650,457,636,1443,1664,1675,5,0.27283582,-0.24985574,0.57129455,
2_136_0,801,612,452,643,1291,1414,1436,5,0.31476322,-0.20364346,0.5211864,
2_137_0,776,596,422,570,1253,1598,1618,5,0.26081583,-0.19622387,0.5862745,
2_138_0,787,628,469,697,1409,1681,1746,5,0.26861396,-0.2616108,0.5765237,
2_139_0,763,584,410,592,1278,1597,1608,5,0.2549751,-0.20164047,0.5936571,
2_140_0,827,665,503,714,1435,1563,1777,5,0.28306133,-0.27678087,0.5587719,
2_141_0,789,564,437,636,1084,1336,1191,5,0.36691856,-0.25149304,0.46314496,
2_142_0,770,605,446,621,1498,1636,1829,5,0.2438491,-0.22236504,0.60791206,
2_143_0,764,608,460,627,1236,1542,1605,5,0.28660437,-0.2093628,0.5544794,
2_144_0,813,656,550,842,1082,1414,1286,5,0.42768273,-0.32924336,0.40087146,
2_145_0,831,703,531,855,1636,1833,1956,5,0.2714724,-0.28737962,0.5729795,
2_146_0,848,705,520,880,1973,2116,2224,5,0.23381294,-0.28859738,0.62099123,
2_147_0,835,636,467,688,1327,1508,1582,5,0.29519597,-0.20050283,0.5441679,
2_148_0,954,741,552,793,1621,1820,1900,5,0.29052633,-0.18838993,0.5497553,
2_149_0,883,743,538,819,1734,1882,1998,5,0.26926926,-0.27582845,0.57570976,
2_150_0,789,615,465,630,1354,1622,1534,5,0.30312908,-0.2682927,0.5347674,
2_151_0,883,710,522,817,1884,2115,2158,5,0.24189064,-0.32509506,0.61044776,
2_152_0,827,635,454,685,1597,1696,1733,5,0.26197347,-0.16884817,0.5848194,
2_153_0,901,720,566,787,1581,1781,1876,5,0.30170575,-0.3554163,0.53644556,
2_154_0,851,723,554,951,1977,2217,2214,5,0.25022584,-0.3430259,0.599711,
2_155_0,791,611,481,689,1414,1646,1527,5,0.31499672,-0.37843338,0.52091634,
2_156_0,765,611,462,605,1218,1451,1500,5,0.308,-0.21465296,0.52905196,
2_157_0,784,630,479,675,1396,1599,1745,5,0.27449858,-0.29451287,0.5692446,
2_158_0,837,670,540,792,1602,1851,1830,5,0.29508197,-0.31910568,0.5443038,
2_159_0,911,757,624,710,1415,1674,1769,5,0.35274166,0.18838304,0.4784789,
2_160_0,912,842,758,1086,2098,2386,2542,5,0.29819041,-0.3911786,0.5406061,
2_161_0,774,632,490,723,1522,1671,1792,5,0.2734375,-0.315647,0.5705522,
2_162_0,873,756,628,868,1651,1849,1978,5,0.31749243,-0.35107297,0.5180353,
2_163_0,780,646,476,723,1556,1700,1825,5,0.2608219,-0.29896906,0.5862668,
2_164_0,805,644,501,660,1485,1780,1776,5,0.2820946,-0.25462964,0.5599473,
2_165_0,788,661,496,758,1722,1999,2102,5,0.23596574,-0.31181675,0.6181678,
2_166_0,776,657,522,749,1539,1774,1915,5,0.27258486,-0.32924962,0.57160443,
2_167_0,748,611,483,696,1305,1519,1549,5,0.31181407,-0.23241206,0.5246063,
2_168_0,900,768,668,922,1856,2157,2318,5,0.28817946,-0.26647565,0.5525787,
2_169_0,807,672,577,822,1579,1710,1812,5,0.31843266,-0.3890909,0.5169527,
2_170_0,850,722,614,805,1819,2029,2255,5,0.27228382,-0.22198276,0.5719763,
2_171_0,991,929,877,1115,2123,2394,2530,5,0.34664032,-0.33972993,0.48517758,
2_172_0,971,914,1047,1367,2002,2345,2504,5,0.418131,-0.5604713,0.41030696,
2_173_0,795,620,471,627,1345,1545,1598,5,0.29474342,-0.28980526,0.5447076,
2_174_0,794,628,491,645,1373,1537,1572,5,0.31234097,-0.3102691,0.5239942,
2_175_0,830,678,625,777,1386,1645,1735,5,0.36023054,-0.36338028,0.47033897,
2_176_0,825,636,533,673,1085,1308,1362,5,0.39133626,-0.29175946,0.437467,
2_177_0,797,603,465,612,1273,1453,1646,5,0.28250304,-0.2825699,0.5594505,
2_178_0,784,639,491,651,1216,1437,1544,5,0.31800517,-0.2962555,0.51744473,
2_179_0,823,658,566,786,1589,1818,1894,5,0.29883844,-0.3488372,0.5398374,
2_180_0,779,631,440,645,1333,1566,1669,5,0.26363093,-0.14440678,0.58274066,
2_181_0,758,597,432,588,1370,1636,1656,5,0.26086956,-0.18775511,0.5862069,
2_182_0,787,639,493,638,1326,1523,1641,5,0.30042657,-0.11495845,0.5379569,
2_183_0,957,784,653,876,1442,1615,1684,5,0.38776723,-0.26384977,0.4411639,
2_184_0,798,657,520,733,1454,1679,1807,5,0.2877698,-0.28157464,0.55307263,
2_185_0,772,604,445,648,1360,1632,1722,5,0.25842044,-0.25293753,0.58929396,
2_186_0,798,606,481,619,1237,1437,1431,5,0.3361286,-0.16008316,0.49686193,
2_187_0,821,663,563,776,1434,1701,1953,5,0.28827444,-0.31188375,0.55246425,
2_188_0,856,686,548,730,1362,1579,1457,5,0.3761153,-0.14676617,0.45336658,
2_189_0,807,641,479,686,1463,1746,1895,5,0.25277045,-0.2337119,0.59646165,
2_190_0,856,715,622,863,1443,1642,1786,5,0.34826428,-0.33704218,0.4833887,
2_191_0,815,673,567,777,1423,1645,1712,5,0.3311916,-0.3626894,0.50241333,
2_192_0,851,738,644,912,1502,1729,1890,5,0.34074074,-0.3260274,0.49171272,
2_193_0,747,573,406,595,1254,1398,1503,5,0.2701264,-0.14349777,0.5746464,
2_194_0,788,630,452,709,1577,1893,1865,5,0.24235925,-0.3073117,0.60984033,
2_195_0,788,623,499,677,1125,1365,1516,5,0.32915568,-0.30892956,0.50471467,
2_196_0,779,587,435,578,1041,1198,1233,5,0.35279804,-0.17148906,0.47841728,
2_197_0,827,638,546,717,1336,1550,1587,5,0.34404537,-0.2799097,0.488045,
2_198_0,780,593,429,611,1276,1526,1532,5,0.2800261,-0.20668897,0.5624681,
2_199_0,774,610,452,618,1236,1374,1479,5,0.3056119,-0.18065816,0.5318488,
